well/sample,well,gof_vr_max,gof_aft_max,gof_T_max,gof_aft_T_max,cooling_vr_best,cooling_vr_min,cooling_vr_max,cooling_aft_best,cooling_aft_min,cooling_aft_max,cooling_at_best,cooling_at_min,cooling_at_max,cooling_at_est_best,cooling_at_est_min,cooling_at_est_max,exhumation_vr_best,exhumation_vr_min,exhumation_vr_max,exhumation_aft_best,exhumation_aft_min,exhumation_aft_max,exhumation_at_best,exhumation_at_min,exhumation_at_max,exhumation_at_est_best,exhumation_at_est_min,exhumation_at_est_max,heat_flow_best,heat_flow_min,heat_flow_max,borehole,long,lat,x_swiss_grid,y_swiss_grid,distance_thrust_front,distance_thrust_front_perpendicular,distance_thrust_front_parallel,elevation_dem,relief,borehole_loc,long_loc,lat_loc,x_swiss_grid_loc,y_swiss_grid_loc,outcrop_or_borehole,cooling_min,cooling_best,cooling_max,data_type,x_swiss_coords,y_swiss_coords,tectonic_unit,strat_unit,sample_id2,elevation,depth,Rr,s,n,A,MA,source,cooling_surface_vr_min,cooling_surface_vr_best,cooling_surface_vr_max
Altishofen,Altishofen,0.4629595262,0.9999999948,,,66.8851127971,,,61.9571226497,0.0,76.4575853603,,,,57.4779999357,0.0,70.49479866850001,,,,,0.0,3000.0,,,,1500.0,0.0,2000.0,,0.065,0.065,Altishofen,7.9725399901,47.2042293187,640452.57645,228280.507203,26837.246079573335,26837.246079573335,257450.0258409649,514.302978515625,24.41400146484375,Altishofen,7.9725399901,47.2042293187,640452.57645,228280.507203,borehole,0.0,57.4779999357,70.49479866850001,aft,640452.57645,228280.507203,,,,,,,,,,,,,,
B25,B25,,0.9998638351,,,,,,79.37355265779999,68.9552619917,95.7682929613,,,,79.37355265779999,72.4053064456,95.7430109363,,,,,2000.0,3000.0,,,,2500.0,2500.0,3000.0,,0.065,0.065,,9.89256,47.43156,785106.319292,256312.620337,-6928.9986915662885,-6928.9986915662885,404106.24483479705,524.406982421875,0.0,,9.89256,47.43156,785106.319292,256312.620337,outcrop,72.4053064456,79.37355265779999,95.7430109363,aft,785106.319292,256312.620337,,,,,,,,,,,,,,
B55,B55,,1.0,,,,,,90.137206247,63.7957957272,103.0941349116,,,,84.2804548066,66.52328429720001,95.6463197915,,,,,1500.0,4500.0,,,,3000.0,2000.0,3500.0,,0.065,0.065,,9.83029,47.51075,780142.191841,264968.255144,2794.5360745852763,2794.5360745852763,405763.42508824205,652.9030151367188,0.0,,9.83029,47.51075,780142.191841,264968.255144,outcrop,66.52328429720001,84.2804548066,95.6463197915,aft,780142.191841,264968.255144,,,,,,,,,,,,,,
B60,B60,,0.9971740791,,,,,,0.0,0.0,84.5896761738,,,,0.0,0.0,84.5896761738,,,,,0.0,3500.0,,,,0.0,0.0,2500.0,,0.065,0.065,,9.78322,47.53855,776505.524668,267950.863932,7440.418323596881,7440.418323596881,405495.3619963025,803.2999877929688,0.0,,9.78322,47.53855,776505.524668,267950.863932,outcrop,0.0,0.0,84.5896761738,aft,776505.524668,267950.863932,,,,,,,,,,,,,,
Boswil,Boswil,,0.9999999999000002,0.9010907849,0.8986065763999997,,,,63.099685336,0.0,76.98317899199999,45.9876722556,17.0496711579,61.1254545651,45.9876722556,17.0496711579,61.1254545651,,,,,0.0,3000.0,,500.0,1750.0,,500.0,1750.0,,0.065,0.08,Boswil,8.251403999999999,47.260486,661515.72437,234715.851174,22357.447795935765,22357.447795935765,281997.07286262343,595.10302734375,1325.681884765625,Boswil,8.251404,47.260486,661515.72437,234715.851174,borehole,17.0496711579,45.9876722556,61.1254545651,aft,661515.72437,234715.851174,,,,,,,,,,,,,,
Chapelle,Chapelle,0.7021525361,0.9998996758,0.5171678784,0.73287911265,63.949370923900005,63.949370923900005,63.949370923900005,56.857616461000006,0.0,77.67302191,43.4613828741,24.7298914685,43.4613828741,43.4613828741,24.7298914685,43.4613828741,,1750.0,1750.0,,0.0,3000.0,,500.0,750.0,,500.0,750.0,,0.085,0.0899999999999999,Chapelle,6.7509513394,46.6656764733,547371.5675380001,168503.326326,9727.153222833991,9727.153222833991,135372.04803481343,771.697998046875,803.1929931640625,Chapelle,6.7509513394,46.6656764733,547371.567538,168503.326326,borehole,24.7298914685,43.4613828741,43.4613828741,aft,547371.5675380001,168503.326326,,,,,,,,,,,,,,
E20,E20,,1.0,,,,,,90.06586894989998,84.2188044221,155.9333451077,,,,90.5789091939,90.5789091939,105.2774901342,,,,,2000.0,4500.0,,,,3000.0,3000.0,3500.0,,0.065,0.065,,8.026795075399999,46.922110877200005,644798.119825,196946.726875,-1118.4455939293262,-1118.4455939293262,245106.7869417278,1045.4010009765625,1222.2239990234375,,8.0267950754,46.9221108772,644798.119825,196946.726875,outcrop,90.5789091939,90.5789091939,105.2774901342,aft,644798.119825,196946.726875,,,,,,,,,,,,,,
E30,E30,,1.0,,,,,,85.41698614180001,79.37355265779999,122.0295985779,,,,91.296513227,79.37355265779999,116.1130974858,,,,,2000.0,4500.0,,,,3000.0,2500.0,4000.0,,0.065,0.065,,8.0166017043,46.926660999300005,644018.019475,197446.786912,-276.1821289711313,-276.1821289711313,244791.40411653422,857.0,1210.3109130859375,,8.0166017043,46.9266609993,644018.019475,197446.786912,outcrop,79.37355265779999,91.296513227,116.1130974858,aft,644018.019475,197446.786912,,,,,,,,,,,,,,
E35,E35,,1.0,,,,,,85.41698614180001,79.37355265779999,111.0074084307,,,,91.296513227,79.37355265779999,107.50603558790002,,,,,2000.0,4500.0,,,,3000.0,2500.0,3500.0,,0.065,0.065,,8.0160803073,46.9270234884,643978.014339,197486.791713,-219.9131441543343,-219.9131441543343,244785.52224972894,797.1909790039062,1210.3109130859375,,8.0160803073,46.9270234884,643978.014339,197486.791713,outcrop,79.37355265779999,91.296513227,107.50603558790002,aft,643978.014339,197486.791713,,,,,,,,,,,,,,
E40,E40,,1.0,,,,,,90.06586894989998,80.47628411329998,105.2774901342,,,,90.5789091939,85.54247463129998,105.2774901342,,,,,2000.0,4500.0,,,,3000.0,3000.0,3500.0,,0.065,0.065,,8.0090026037,46.9283184367,643437.944697,197626.808548,155.41395162448032,155.41395162448032,244413.54278497346,746.4010009765625,1224.284912109375,,8.0090026037,46.9283184367,643437.944697,197626.808548,outcrop,85.54247463129998,90.5789091939,105.2774901342,aft,643437.944697,197626.808548,,,,,,,,,,,,,,
E45,E45,,1.0,,,,,,85.127284052,78.98194895479999,111.9006699443,,,,90.5789091939,78.98194895479999,105.2774901342,,,,,2000.0,4500.0,,,,3000.0,2500.0,3500.0,,0.065,0.065,,8.0135039814,46.93171463109999,643777.988903,198006.854111,310.03313632596524,310.03313632596524,244957.6617648484,764.2059936523438,1200.39599609375,,8.0135039814,46.9317146311,643777.988903,198006.854111,outcrop,78.98194895479999,90.5789091939,105.2774901342,aft,643777.988903,198006.854111,,,,,,,,,,,,,,
E50,E50,,0.9999999999000002,,,,,,93.3801802601,84.2188044221,110.0718088503,,,,90.5789091939,90.5789091939,105.2774901342,,,,,2000.0,4500.0,,,,3000.0,3000.0,3500.0,,0.065,0.065,,8.0096205023,46.9370419831,643477.950595,198596.924928,963.9651005639563,963.9651005639563,244983.42609949253,742.7050170898438,1133.491943359375,,8.0096205023,46.9370419831,643477.950595,198596.924928,outcrop,90.5789091939,90.5789091939,105.2774901342,aft,643477.950595,198596.924928,,,,,,,,,,,,,,
E55,E55,,1.0,,,,,,89.9104679374,0.0,112.4108927676,,,,98.0829925781,0.0,108.8364300386,,,,,0.0,4500.0,,,,3500.0,0.0,3500.0,,0.065,0.065,,7.9668878978,46.932478683,640227.530409,198066.861508,1806.281217604214,1806.281217604214,241973.56612647627,802.7930297851562,1229.8028564453125,,7.9668878978,46.932478683,640227.530409,198066.861508,outcrop,0.0,98.0829925781,108.8364300386,aft,640227.530409,198066.861508,,,,,,,,,,,,,,
E60,E60,,1.0,,,,,,85.7453827497,0.0,112.4108927676,,,,98.0829925781,0.0,108.8364300386,,,,,0.0,4500.0,,,,3500.0,0.0,3500.0,,0.065,0.065,,7.9547234126,46.9376620681,639297.410651,198636.929934,2834.992373780517,2834.992373780517,241846.24425621174,934.8939819335938,1139.50390625,,7.9547234126,46.9376620681,639297.410651,198636.929934,outcrop,0.0,98.0829925781,108.8364300386,aft,639297.410651,198636.929934,,,,,,,,,,,,,,
E65,E65,,1.0,,,,,,90.8323613874,66.6825528253,116.5980020343,,,,109.1063347421,66.6825528253,110.0799841077,,,,,1500.0,4500.0,,,,3500.0,2000.0,4000.0,,0.065,0.065,,7.9988349236,46.986035956,642617.843508,204037.578446,5636.640336211876,5636.640336211876,247835.3416567179,910.906005859375,1447.487060546875,,7.9988349236,46.986035956,642617.843508,204037.578446,outcrop,66.6825528253,109.1063347421,110.0799841077,aft,642617.843508,204037.578446,,,,,,,,,,,,,,
E70b,E70b,,1.0,,,,,,51.2944558977,0.0,112.6333015831,,,,109.1063347421,0.0,109.1063347421,,,,,0.0,4500.0,,,,3500.0,0.0,3500.0,,0.065,0.065,,7.939145,47.001901,638065.71406,205770.623072,9670.396356616779,9670.396356616779,242507.70313395944,1265.6009521484375,1229.623046875,,7.939145,47.001901,638065.71406,205770.623072,outcrop,0.0,109.1063347421,109.1063347421,aft,638065.71406,205770.623072,,,,,,,,,,,,,,
Entlebuch,Entlebuch,0.4445409219,0.7491216931,0.7525298081,0.614561309,12.414402079,,,18.0784153233,9.7026965049,31.945072839899996,12.805043626300002,,,12.805043626300002,,,,,,,250.0,750.0,,,,,,,,,,Entlebuch,8.1126139732,46.976094645299995,651282.964116,203000.452677,197.2444621347263,197.2444621347263,253992.0926795371,1134.801025390625,2081.68994140625,Entlebuch,8.1126139732,46.9760946453,651282.964116,203000.452677,borehole,,12.805043626300002,,aft,651282.964116,203000.452677,,,,,,,,,,,,,,
Herdern,Herdern,,1.0,,,,,,0.0,0.0,76.5154823576,,,,57.3269427158,0.0,64.1083487895,,,,,0.0,3000.0,,,,1750.0,0.0,2000.0,,0.065,0.065,Herdern,8.920304552000001,47.61399,711395.177731,274753.148733,39785.04588610032,39785.04588610032,342002.26347624185,525.6010131835938,0.0,Herdern,8.920304552,47.61399,711395.177731,274753.148733,borehole,0.0,57.3269427158,64.1083487895,aft,711395.177731,274753.148733,,,,,,,,,,,,,,
Huenenberg,Huenenberg,0.5715362511,0.7906170949,0.8303331438,0.7767887905499998,44.9926997343,,,28.9931390217,10.3845672768,67.98921437770001,28.9931390217,24.5449452141,45.711117896800005,28.9931390217,24.5449452141,45.711117896800005,,,,,250.0,2500.0,,750.0,1250.0,,750.0,1250.0,,0.065,0.07,Huenenberg,8.4347466574,47.1679846484,675522.032259,224592.555518,6007.949139876539,6007.949139876539,288473.43648521096,455.3009948730469,2074.60693359375,Huenenberg,8.4347466574,47.1679846484,675522.032259,224592.555518,borehole,24.5449452141,28.9931390217,45.711117896800005,aft,675522.032259,224592.555518,,,,,,,,,,,,,,
Lindau,Lindau,0.9944317758,0.9999976477000002,0.4999050836,0.7485645143,66.389613969,59.1768776769,89.77220379489998,48.09247589939999,16.2182029223,78.02163128249998,64.3359793358,30.5296634516,64.3359793358,64.3359793358,30.5296634516,64.3359793358,,1250.0,3000.0,,250.0,3000.0,,750.0,2000.0,,750.0,2000.0,,0.06,0.085,Lindau,8.6702652158,47.4415012119,692899.567907,255251.814818,30321.833652301382,30321.833652301382,304204.4006274156,519.302001953125,0.0,Lindau,8.6702652158,47.4415012119,692899.567907,255251.814818,borehole,30.5296634516,64.3359793358,64.3359793358,aft,692899.567907,255251.814818,,,,,,,,,,,,,,
Linden,Linden,,0.9996230322,0.9126584572,0.8943137255,,,,37.0616151992,0.0,68.1289247462,18.8614946746,7.4320767371,45.6018667866,18.8614946746,7.4320767371,45.6018667866,,,,,0.0,2750.0,,250.0,1250.0,,250.0,1250.0,,0.06,0.07,Linden,7.6722075464,46.8493138144,617814.6367350001,188712.739751,6083.6931367682155,6083.6931367682155,214684.03307506864,901.4990234375,1360.4910888671875,Linden,7.6722075464,46.8493138144,617814.636735,188712.739751,borehole,7.4320767371,18.8614946746,45.6018667866,aft,617814.6367350001,188712.739751,,,,,,,,,,,,,,
MRP025,MRP025,,0.9999999969,,,,,,28.494759434099997,0.0,93.4196547466,,,,44.7335493429,0.0,84.23891306209998,,,,,0.0,4000.0,,,,1000.0,0.0,2500.0,,0.065,0.065,,8.5767199611,47.0533831835,686470.005288,211999.522961,-10369.486674282965,-10369.486674282965,286662.7571134111,561.8980102539062,1841.10205078125,,8.5767199611,47.0533831835,686470.005288,211999.522961,outcrop,0.0,44.7335493429,84.23891306209998,aft,686470.005288,211999.522961,,,,,,,,,,,,,,
MRP067,MRP067,,1.0,,,,,,90.6142799148,75.8252841746,111.9006699443,,,,95.6463197915,78.98194895479999,104.6381291599,,,,,2000.0,4500.0,,,,3000.0,2500.0,3500.0,,0.065,0.065,,9.4971829822,47.3456840266,755540.050996,245910.128252,-7094.680585005901,-7094.680585005901,373036.91558853304,830.301025390625,0.0,,9.4971829822,47.3456840266,755540.050996,245910.128252,outcrop,78.98194895479999,95.6463197915,104.6381291599,aft,755540.050996,245910.128252,,,,,,,,,,,,,,
MRP087,MRP087,,0.9999977889,,,,,,0.0,0.0,75.95133139859999,,,,0.0,0.0,71.50437701109999,,,,,0.0,3000.0,,,,0.0,0.0,2000.0,,0.065,0.065,,6.8347777905,46.517516144,553659.589267,151980.515008,-7059.904392902238,-7059.904392902238,137819.99149729285,712.0919799804688,217.00296020507812,,6.8347777905,46.517516144,553659.589267,151980.515008,outcrop,0.0,0.0,71.50437701109999,aft,553659.589267,151980.515008,,,,,,,,,,,,,,
MRP117,MRP117,,1.0,,,,,,52.643807645200006,0.0,103.0941349116,,,,84.23891306209998,0.0,95.059238171,,,,,0.0,4500.0,,,,2500.0,0.0,3000.0,,0.065,0.065,,7.7554209462,46.7405104176,624210.032151,176639.566329,-7561.573130626356,-7561.573130626356,214150.91781960864,1505.001953125,1495.2109375,,7.7554209462,46.7405104176,624210.032151,176639.566329,outcrop,0.0,84.23891306209998,95.059238171,aft,624210.032151,176639.566329,,,,,,,,,,,,,,
MRP170,MRP170,,1.0,,,,,,0.0,0.0,97.5875313358,,,,84.23891306209998,0.0,95.059238171,,,,,0.0,4500.0,,,,2500.0,0.0,3000.0,,0.065,0.065,,8.485709014,47.0571278126,679550.026034,212319.511898,-6268.1112850876325,-6268.1112850876325,283457.3550875573,1780.5989990234375,1878.9989013671875,,8.485709014,47.0571278126,679550.026034,212319.511898,outcrop,0.0,84.23891306209998,95.059238171,aft,679550.026034,212319.511898,,,,,,,,,,,,,,
MRP172,MRP172,,1.0,,,,,,73.88672153819999,33.6570355393,103.0941349116,,,,95.059238171,34.673185154,95.6463197915,,,,,1000.0,4500.0,,,,3000.0,1000.0,3000.0,,0.065,0.065,,8.509302741,47.048813978599995,681355.0205989999,211419.511014,-7844.574105183318,-7844.574105183318,285407.9811241659,1045.1080322265625,2220.5927734375,,8.509302741,47.0488139786,681355.020599,211419.511014,outcrop,34.673185154,95.059238171,95.6463197915,aft,681355.0205989999,211419.511014,,,,,,,,,,,,,,
MRP174,MRP174,,1.0,,,,,,90.6142799148,75.8252841746,111.9006699443,,,,104.6381291599,78.98194895479999,104.6381291599,,,,,2000.0,4500.0,,,,3500.0,2500.0,3500.0,,0.065,0.065,,8.532667377100001,47.0554306163,683120.0147310001,212179.516955,-8027.5683757501565,-8027.5683757501565,286083.9637829794,449.7009887695313,2064.39990234375,,8.5326673771,47.0554306163,683120.014731,212179.516955,outcrop,78.98194895479999,104.6381291599,104.6381291599,aft,683120.0147310001,212179.516955,,,,,,,,,,,,,,
MRP179,MRP179,,1.0,,,,,,85.41698614180001,80.7495047679,103.1252231572,,,,91.296513227,86.2312960199,96.3376280368,,,,,2000.0,4500.0,,,,3000.0,3000.0,3000.0,,0.065,0.065,,8.0140744452,46.8842393867,643860.10276,192729.493993,-4593.588968027008,-4593.588968027008,243105.29346786754,883.406982421875,1638.5008544921875,,8.0140744452,46.8842393867,643860.10276,192729.493993,outcrop,86.2312960199,91.296513227,96.3376280368,aft,643860.10276,192729.493993,,,,,,,,,,,,,,
MRP187,MRP187,,1.0,,,,,,73.88672153819999,49.7207362744,103.0941349116,,,,95.059238171,53.4206350593,95.6463197915,,,,,1500.0,4500.0,,,,3000.0,1500.0,3000.0,,0.065,0.065,,7.306608939,46.7415932016,589910.050283,176719.934688,-382.8833247004632,-382.8833247004632,181011.80633099773,891.3060302734375,384.905029296875,,7.306608939,46.7415932016,589910.050283,176719.934688,outcrop,53.4206350593,95.059238171,95.6463197915,aft,589910.050283,176719.934688,,,,,,,,,,,,,,
MRP198,MRP198,,1.0,,,,,,51.5795995351,0.0,108.053401193,,,,107.5380439759,0.0,107.5380439759,,,,,0.0,4500.0,,,,3500.0,0.0,3500.0,,0.065,0.065,,8.1409348657,46.9939071342,653420.118605,204999.500625,368.6765641291685,368.6765641291685,257338.21343981716,875.6890258789062,1772.5999755859375,,8.1409348657,46.9939071342,653420.118605,204999.500625,outcrop,0.0,107.5380439759,107.5380439759,aft,653420.118605,204999.500625,,,,,,,,,,,,,,
MRT052,MRT052,,1.0,,,,,,0.0,0.0,93.4196547466,,,,44.7335493429,0.0,84.23891306209998,,,,,0.0,4000.0,,,,1000.0,0.0,2500.0,,0.065,0.065,,9.0070056333,47.1472758504,718949.946361,222999.706263,-7484.836211684687,-7484.836211684687,325927.723378866,813.89697265625,0.0,,9.0070056333,47.1472758504,718949.946361,222999.706263,outcrop,0.0,44.7335493429,84.23891306209998,aft,718949.946361,222999.706263,,,,,,,,,,,,,,
RH10,RH10,,1.0,,,,,,90.5789091939,80.47628411329998,106.4347357223,,,,90.5789091939,90.5789091939,105.2774901342,,,,,2000.0,4500.0,,,,3000.0,3000.0,3500.0,,0.065,0.065,,8.4971291788,47.008332088100005,680490.769997,206906.9045,-11113.836815241066,-11113.836815241066,279594.09246644645,778.0079956054688,1957.903076171875,,8.4971291788,47.0083320881,680490.769997,206906.9045,outcrop,90.5789091939,90.5789091939,105.2774901342,aft,680490.769997,206906.9045,,,,,,,,,,,,,,
RH15,RH15,,0.9987631025,,,,,,97.4811839541,85.127284052,99.6588071945,,,,90.5789091939,90.5789091939,90.5789091939,,,,,2000.0,4500.0,,,,3000.0,3000.0,3000.0,,0.065,0.065,,8.4514924324,47.0329457547,676985.32021,209597.23283800005,-6787.417808663633,-6787.417808663633,278680.59767562273,661.6920166015625,1093.406982421875,,8.4514924324,47.0329457547,676985.32021,209597.232838,outcrop,90.5789091939,90.5789091939,90.5789091939,aft,676985.32021,209597.23283800005,,,,,,,,,,,,,,
RH25,RH25,,0.6106886738,,,,,,98.7455540626,,,,,,,,,,,,,,,,,,,,,,,,,8.4261499695,47.0523388194,675032.0706890001,211728.492031,-3897.8203635649834,-3897.8203635649834,278592.87639281777,509.5960083007813,1393.0819091796875,,8.4261499695,47.0523388194,675032.070689,211728.492031,outcrop,,,,aft,675032.0706890001,211728.492031,,,,,,,,,,,,,,
RH30a,RH30a,,1.0,,,,,,87.7954876552,73.3208633058,114.8045567102,,,,107.5380439759,77.8840431259,108.6510521101,,,,,2000.0,4500.0,,,,3500.0,2500.0,4000.0,,0.065,0.065,,8.354240583300001,47.0417518627,669582.354992,210485.34627,-1595.8074659973806,-1595.8074659973806,273881.72344620863,471.9049987792969,2259.68017578125,,8.3542405833,47.0417518627,669582.354992,210485.34627,outcrop,77.8840431259,107.5380439759,108.6510521101,aft,669582.354992,210485.34627,,,,,,,,,,,,,,
RH30b,RH30b,,1.0,,,,,,88.80571426979998,82.29881879779998,108.6818042291,,,,90.8758475892,90.8758475892,108.309214004,,,,,2000.0,4500.0,,,,3000.0,3000.0,3500.0,,0.065,0.065,,8.354240583300001,47.0417518627,669582.354992,210485.34627,-1595.8074659973806,-1595.8074659973806,273881.72344620863,471.9049987792969,2259.68017578125,,8.3542405833,47.0417518627,669582.354992,210485.34627,outcrop,90.8758475892,90.8758475892,108.309214004,aft,669582.354992,210485.34627,,,,,,,,,,,,,,
RH35,RH35,,1.0,,,,,,83.3448786979,72.423207554,114.8045567102,,,,95.9039857706,77.8840431259,107.5380439759,,,,,2000.0,4500.0,,,,3000.0,2500.0,3500.0,,0.065,0.065,,8.4087625296,47.0735394534,673681.90004,214068.776065,-1243.7216688764358,-1243.7216688764358,279098.5890154863,566.4080200195312,2008.0849609375,,8.4087625296,47.0735394534,673681.90004,214068.776065,outcrop,77.8840431259,95.9039857706,107.5380439759,aft,673681.90004,214068.776065,,,,,,,,,,,,,,
RH40,RH40,,0.9999998108,,,,,,89.0188308857,81.7522409579,114.8045567102,,,,90.8758475892,85.8046907082,107.5380439759,,,,,2000.0,4500.0,,,,3000.0,3000.0,3500.0,,0.065,0.065,,8.400969788200001,47.0795878233,673081.823056,214733.856996,-348.16729633306267,-348.16729633306267,279078.40492955985,595.1929931640625,2150.31591796875,,8.4009697882,47.0795878233,673081.823056,214733.856996,outcrop,85.8046907082,90.8758475892,107.5380439759,aft,673081.823056,214733.856996,,,,,,,,,,,,,,
RH45,RH45,,1.0,,,,,,87.7954876552,49.9932532571,111.3474566807,,,,96.77481709850002,49.9932532571,107.5380439759,,,,,1500.0,4500.0,,,,3500.0,1500.0,3500.0,,0.065,0.065,,8.4167045944,47.0902060161,674261.980946,215929.000681,-223.21613120751326,-223.21613120751326,280742.9978476032,524.5070190429688,2319.308837890625,,8.4167045944,47.0902060161,674261.980946,215929.000681,outcrop,49.9932532571,96.77481709850002,107.5380439759,aft,674261.980946,215929.000681,,,,,,,,,,,,,,
RH50,RH50,,0.9999682147,,,,,,0.0,0.0,96.7541447917,,,,0.0,0.0,96.7541447917,,,,,0.0,4000.0,,,,0.0,0.0,3000.0,,0.065,0.065,,8.4139814419,47.1070529819,674031.955478,217799.227412,1327.6625874132985,1327.6625874132985,281782.867116516,665.39697265625,2077.02490234375,,8.4139814419,47.1070529819,674031.955478,217799.227412,outcrop,0.0,0.0,96.7541447917,aft,674031.955478,217799.227412,,,,,,,,,,,,,,
RH60c,RH60c,,0.335208877,,,,,,102.20791670959998,,,,,,,,,,,,,,,,,,,,,,,,,8.3385145565,47.0857618908,668331.202088,215363.936509,3149.256918982016,3149.256918982016,275514.80841542257,419.906005859375,2065.514892578125,,8.3385145565,47.0857618908,668331.202088,215363.936509,outcrop,,,,aft,668331.202088,215363.936509,,,,,,,,,,,,,,
RH65,RH65,,1.0,,,,,,73.1761415035,0.0,110.0766045957,,,,97.0338097184,0.0,109.1063347421,,,,,0.0,4500.0,,,,3000.0,0.0,3500.0,,0.065,0.065,,8.380851,47.130224,671486.457694,220344.347073,4913.635892121021,4913.635892121021,281469.835943817,418.5010070800781,1936.180908203125,,8.380851,47.130224,671486.457694,220344.347073,outcrop,0.0,97.0338097184,109.1063347421,aft,671486.457694,220344.347073,,,,,,,,,,,,,,
RH70,RH70,,1.0,,,,,,85.3407892341,76.01167102969998,116.5980020343,,,,97.6972973709,79.8966992423,109.178891448,,,,,2000.0,4500.0,,,,3000.0,2500.0,4000.0,,0.065,0.065,,8.247937,47.082715,661457.094976,214950.336275,6011.0857539393055,6011.0857539393055,268657.55293843173,507.7009887695313,1309.492919921875,,8.247937,47.082715,661457.094976,214950.336275,outcrop,79.8966992423,97.6972973709,109.178891448,aft,661457.094976,214950.336275,,,,,,,,,,,,,,
RV15,RV15,,0.9996686489,,,,,,77.6982387929,0.0,108.053401193,,,,77.8840431259,0.0,107.5380439759,,,,,0.0,4500.0,,,,2500.0,0.0,3500.0,,0.065,0.065,,8.4661409761,47.0440706389,678082.46765,210848.382739,-6555.06659072665,-6555.06659072665,280337.5875526151,1422.7939453125,1804.4869384765625,,8.4661409761,47.0440706389,678082.46765,210848.382739,outcrop,0.0,77.8840431259,107.5380439759,aft,678082.46765,210848.382739,,,,,,,,,,,,,,
RV20,RV20,,0.9999997692,,,,,,84.494984911,73.3208633058,114.8045567102,,,,95.9039857706,77.8840431259,107.5380439759,,,,,2000.0,4500.0,,,,3000.0,2500.0,3500.0,,0.065,0.065,,8.4613497836,47.0426739274,677720.419733,210688.363795,-6440.368022577139,-6440.368022577139,279958.73534514185,1386.6910400390625,1633.5040283203125,,8.4613497836,47.0426739274,677720.419733,210688.363795,outcrop,77.8840431259,95.9039857706,107.5380439759,aft,677720.419733,210688.363795,,,,,,,,,,,,,,
RV25,RV25,,0.9999999978,,,,,,84.494984911,73.3208633058,114.8045567102,,,,95.9039857706,77.8840431259,108.6510521101,,,,,2000.0,4500.0,,,,3000.0,2500.0,4000.0,,0.065,0.065,,8.4624946317,47.0426637214,677807.43113,210688.363705,-6497.094771681318,-6497.094771681318,280024.713062168,1379.60400390625,1757.5771484375,,8.4624946317,47.0426637214,677807.43113,210688.363705,outcrop,77.8840431259,95.9039857706,108.6510521101,aft,677807.43113,210688.363705,,,,,,,,,,,,,,
RV30a,RV30a,,1.0,,,,,,84.494984911,77.6982387929,114.8045567102,,,,95.9039857706,77.8840431259,108.6510521101,,,,,2000.0,4500.0,,,,3000.0,2500.0,4000.0,,0.065,0.065,,8.4510983427,47.0420450577,676942.317599,210608.35493,-5993.549564467571,-5993.549564467571,279308.28415814426,1079.301025390625,1218.31298828125,,8.4510983427,47.0420450577,676942.317599,210608.35493,outcrop,77.8840431259,95.9039857706,108.6510521101,aft,676942.317599,210608.35493,,,,,,,,,,,,,,
RV30b,RV30b,,1.0,,,,,,82.29881879779998,72.423207554,114.8045567102,,,,95.9039857706,77.8840431259,107.5380439759,,,,,2000.0,4500.0,,,,3000.0,2500.0,3500.0,,0.065,0.065,,8.4510983427,47.0420450577,676942.317599,210608.35493,-5993.549564467571,-5993.549564467571,279308.28415814426,1079.301025390625,1218.31298828125,,8.4510983427,47.0420450577,676942.317599,210608.35493,outcrop,77.8840431259,95.9039857706,107.5380439759,aft,676942.317599,210608.35493,,,,,,,,,,,,,,
RV30c,RV30c,,1.0,,,,,,87.7954876552,49.9932532571,111.3474566807,,,,96.77481709850002,49.9932532571,107.5380439759,,,,,1500.0,4500.0,,,,3500.0,1500.0,3500.0,,0.065,0.065,,8.4508419527,47.042407193,676922.315099,210648.35978,-5950.189833609207,-5950.189833609207,279319.2578434715,1079.301025390625,1218.31298828125,,8.4508419527,47.042407193,676922.315099,210648.35978,outcrop,49.9932532571,96.77481709850002,107.5380439759,aft,676922.315099,210648.35978,,,,,,,,,,,,,,
Rigi,Rigi,,0.9999999254,,,,,,44.8454431267,0.0,61.674609268199994,,,,36.3533943882,13.3456789386,36.3533943882,,,,,0.0,2500.0,,,,750.0,250.0,1000.0,,0.065,0.065,Rigi,8.4262661127,47.0343441935,675066.069574,209728.250507,-5434.906575195109,-5434.906575195109,277312.48043587484,469.78900146484375,1078.072998046875,,,,,,borehole,13.3456789386,36.3533943882,36.3533943882,aft,675066.069574,209728.250507,,,,,,,,,,,,,,
Romanens,Romanens,,0.999994054,0.2419282289,0.54447206065,,,,45.7881190842,0.0,72.77343186609998,0.0,,,0.0,,,,,,,0.0,3000.0,,,,,,,,,,Romanens,6.9716392751,46.6585020829,564255.734962,167581.216243,-225.859630287863,-225.859630287863,151574.95910349942,956.1950073242188,217.2959899902344,Romanens,6.9716392751,46.6585020829,564255.734962,167581.216243,borehole,,0.0,,aft,564255.734962,167581.216243,,,,,,,,,,,,,,
Savigny,Savigny,0.5385238197,0.9298545982,0.8396444962999998,0.824684129,62.8647451192,,,0.0,0.0,66.6485808562,20.8334029291,11.0414562901,32.360812309800004,20.8334029291,11.0414562901,32.360812309800004,,,,,0.0,2250.0,,250.0,500.0,,250.0,500.0,,0.07,0.08,Savigny,6.738949879,46.54821,546336.432499,155453.70051199998,-676.3742812212865,-676.3742812212865,128181.51114115455,836.2979736328125,124.2979736328125,Savigny,6.738949879,46.54821,546336.432499,155453.700512,borehole,11.0414562901,20.8334029291,32.360812309800004,aft,546336.432499,155453.70051199998,,,,,,,,,,,,,,
Thun,Thun,,0.8170418713999998,0.7165675729000001,0.6400172724,,,,46.7002657472,14.1364802988,51.9751980847,7.2363563005,,,7.2363563005,,,,,,,500.0,2000.0,,,,,,,,,,Thun,7.7059860228,46.7591581056,620424.972651,178698.542905,-3796.3403114720245,-3796.3403114720245,212165.4563346019,1117.0,1027.4080810546875,Thun,7.7059860228,46.7591581056,620424.972651,178698.542905,borehole,,7.2363563005,,aft,620424.972651,178698.542905,,,,,,,,,,,,,,
Tuggen,Tuggen,,0.8026913144999998,,,,,,61.9206021672,61.46966647439999,77.2936330398,,,,61.9206021672,61.46966647439999,77.2936330398,,,,,2250.0,3000.0,,,,2500.0,2250.0,3000.0,,0.05,0.055,Tuggen,8.9550840072,47.2008334896,714897.4835420001,228875.499508,-402.6795885661935,-402.6795885661935,325927.723378866,407.4010009765625,0.0,Tuggen,8.9550840072,47.2008334896,714897.483542,228875.499508,borehole,61.46966647439999,61.9206021672,77.2936330398,aft,714897.4835420001,228875.499508,,,,,,,,,,,,,,
Weggis,Weggis,0.3618288242,0.6657612778,1.0,0.8264927024499998,101.1826118881,,,54.197332985,,,57.508167582,25.494388686399997,67.590004075,57.508167582,25.494388686399997,67.590004075,,,,,,,,500.0,1250.0,,500.0,1250.0,,0.08,0.0899999999999999,Weggis,8.425162397200001,47.033015535299995,674984.041826,209579.496861,-5494.000893236218,-5494.000893236218,277153.21945441514,435.5960083007813,1178.761962890625,Weggis,8.4251623972,47.0330155353,674984.041826,209579.496861,borehole,25.494388686399997,57.508167582,67.590004075,aft,674984.041826,209579.496861,,,,,,,,,,,,,,
RS37,,,,,,,,,,,,,,,,,,,,,,,,,,,,,,,,,,5.947893,46.018256,,,9575.685861929238,9575.685861929238,36917.22006993587,,,,,,,,outcrop,46.473387376014045,65.11000004298351,86.60550674343811,vr,484550.0,97400.0,Plateau Molass,OMM,,340.0,0.0,0.45,0.04,50.0,0.0,V,PhD thesis Roland Schegg (1993),46.473387376014045,65.11000004298351,86.60550674343811
RS65,,,,,,,,,,,,,,,,,,,,,,,,,,,,,,,,,,5.825318,46.036358,,,18591.144826634707,18591.144826634707,36520.65279939864,,,,,,,,outcrop,44.30524816271383,61.01996673629585,80.77456313648327,vr,475100.0,99600.0,Plateau Molass,OMM,,420.0,0.0,0.43,0.03,50.0,0.0,V,PhD thesis Roland Schegg (1993),44.30524816271383,61.01996673629585,80.77456313648327
RS66,,,,,,,,,,,,,,,,,,,,,,,,,,,,,,,,,,5.839944,45.978085,,,15514.422786633299,15514.422786633299,36520.65279939864,,,,,,,,outcrop,44.30524816271383,61.01996673629585,80.77456313648327,vr,476100.0,93100.0,Plateau Molass,OMM,,,0.0,0.43,0.03,49.0,1.0,C,PhD thesis Roland Schegg (1993),44.30524816271383,61.01996673629585,80.77456313648327
RS69,,,,,,,,,,,,,,,,,,,,,,,,,,,,,,,,,,5.902584,45.930374,,,9303.584562258424,9303.584562258424,29495.04494691771,,,,,,,,outcrop,42.0822135573376,58.90303993506606,78.7460732081933,vr,480850.0,87700.0,Plateau Molass,OMM,,350.0,0.0,0.42,0.03,50.0,1.0,C,PhD thesis Roland Schegg (1993),42.0822135573376,58.90303993506606,78.7460732081933
RS71,,,,,,,,,,,,,,,,,,,,,,,,,,,,,,,,,,5.924234,45.846996,,,8377.175534370506,8377.175534370506,22788.743635944727,,,,,,,,outcrop,9.794074237369912,34.438458484445334,60.680301862138414,vr,482350.0,78400.0,Plateau Molass,OMM,,390.0,0.0,0.32,0.05,50.0,1.0,C,PhD thesis Roland Schegg (1993),9.794074237369912,34.438458484445334,60.680301862138414
RS3,,,,,,,,,,,,,,,,,,,,,,,,,,,,,,,,,,6.012775,46.213928,,,14421.831159283654,14421.831159283654,60892.895981005706,,,,,,,,outcrop,50.65537663651268,70.91622346130654,93.84785430951337,vr,489970.0,119055.0,Plateau Molass,USM,,282.0,0.0,0.48,0.05,50.0,1.0,C,PhD thesis Roland Schegg (1993),50.65537663651268,70.91622346130654,93.84785430951337
RS206,,,,,,,,,,,,,,,,,,,,,,,,,,,,,,,,,,6.136676,45.250536,,,-51483.19354471418,-51483.19354471418,0.0,,,,,,,,outcrop,54.64720842850282,70.91622346130654,90.2977021460619,vr,497750.0,11800.0,Plateau Molass,USM,,392.0,0.0,0.48,0.03,50.0,0.0,C,PhD thesis Roland Schegg (1993),54.64720842850282,70.91622346130654,90.2977021460619
RS1,,,,,,,,,,,,,,,,,,,,,,,,,,,,,,,,,,6.327321,46.188181,,,-5652.289594591925,-5652.289594591925,69908.23973639832,,,,,,,,outcrop,72.26713431521804,86.37677273676137,103.74582061693444,vr,514200.0,115800.0,Subalpine Molasse,USM,,800.0,0.0,0.57,0.02,50.0,0.0,V,PhD thesis Roland Schegg (1993),72.26713431521804,86.37677273676137,103.74582061693444
Weid93,,,,,,,,,,,,,,,,,,,,,,,,,,,,,,,,,,6.221891,46.152905,,,-2266.0782568066766,-2266.0782568066766,65285.38576113155,,,,,,,,outcrop,62.12450484278827,79.83096010749175,100.56300257595142,vr,506000.0,112000.0,Subalpine Molasse,USM,,600.0,0.0,0.53,0.04,51.0,1.0,C,PhD thesis Roland Schegg (1993),62.12450484278827,79.83096010749175,100.56300257595142
RS81,,,,,,,,,,,,,,,,,,,,,,,,,,,,,,,,,,6.097229,45.905878,,,-5299.179461918591,-5299.179461918591,30758.11710268392,,,,,,,,outcrop,56.577070218057884,76.37033199545215,98.92946300364609,vr,495900.0,84700.0,Subalpine Molasse,USM,,420.0,0.0,0.51,0.05,100.0,1.0,V,PhD thesis Roland Schegg (1993),56.577070218057884,76.37033199545215,98.92946300364609
RS82,,,,,,,,,,,,,,,,,,,,,,,,,,,,,,,,,,6.103282,46.027406,,,-1333.635950722383,-1333.635950722383,46306.2012411996,,,,,,,,outcrop,52.67397534798662,69.02214849080293,88.47006665272471,vr,496600.0,98200.0,Subalpine Molasse,USM,,760.0,0.0,0.47,0.03,50.0,0.0,V,PhD thesis Roland Schegg (1993),52.67397534798662,69.02214849080293,88.47006665272471
RS83,,,,,,,,,,,,,,,,,,,,,,,,,,,,,,,,,,6.119114,46.013648,,,2349.0113532617956,2349.0113532617956,44004.24189936154,,,,,,,,outcrop,60.3140246851729,78.11728471229827,98.92946300364609,vr,497800.0,96650.0,Subalpine Molasse,USM,,605.0,0.0,0.52,0.04,50.0,0.0,V,PhD thesis Roland Schegg (1993),60.3140246851729,78.11728471229827,98.92946300364609
RS89,,,,,,,,,,,,,,,,,,,,,,,,,,,,,,,,,,6.132797,46.06239,,,-2528.204502956693,-2528.204502956693,51834.72129328028,,,,,,,,outcrop,58.46542636904028,76.37033199545215,97.26648870730416,vr,498950.0,102050.0,Subalpine Molasse,USM,,870.0,0.0,0.51,0.04,51.0,0.0,V,PhD thesis Roland Schegg (1993),58.46542636904028,76.37033199545215,97.26648870730416
RS92,,,,,,,,,,,,,,,,,,,,,,,,,,,,,,,,,,6.14865,46.075169,,,-2729.520027110876,-2729.520027110876,54740.92188445869,,,,,,,,outcrop,48.58927715202983,74.58878391649459,102.16813131951626,vr,500200.0,103450.0,Subalpine Molasse,USM,,860.0,0.0,0.5,0.08,100.0,1.0,V,PhD thesis Roland Schegg (1993),48.58927715202983,74.58878391649459,102.16813131951626
RS93,,,,,,,,,,,,,,,,,,,,,,,,,,,,,,,,,,6.155641,46.080197,,,-2676.5704955876263,-2676.5704955876263,55316.762114858415,,,,,,,,outcrop,52.67397534798663,70.91622346130654,92.0898473192407,vr,500750.0,104000.0,Subalpine Molasse,USM,,850.0,0.0,0.48,0.04,50.0,1.0,V,PhD thesis Roland Schegg (1993),52.67397534798663,70.91622346130654,92.0898473192407
RS94,,,,,,,,,,,,,,,,,,,,,,,,,,,,,,,,,,6.166065,46.076716,,,-3507.874831134362,-3507.874831134362,55686.49120740081,,,,,,,,outcrop,56.577070218057884,74.58878391649459,95.57299942426182,vr,501550.0,103600.0,Subalpine Molasse,USM,,760.0,0.0,0.5,0.04,50.0,1.0,V,PhD thesis Roland Schegg (1993),56.577070218057884,74.58878391649459,95.57299942426182
RS128,,,,,,,,,,,,,,,,,,,,,,,,,,,,,,,,,,6.232466,46.026167,,,-11123.15543766193,-11123.15543766193,55687.62427629214,,,,,,,,outcrop,139.29334237130732,157.02309774372813,178.06575406558034,vr,506600.0,97900.0,Subalpine Molasse,USM,,670.0,0.0,1.25,0.07,50.0,1.0,V,PhD thesis Roland Schegg (1993),139.29334237130732,157.02309774372813,178.06575406558034
RS137,,,,,,,,,,,,,,,,,,,,,,,,,,,,,,,,,,6.240086,46.164346,,,-1997.4953376831695,-1997.4953376831695,67522.79796675808,,,,,,,,outcrop,65.63718032010813,83.16338693234049,103.74582061693448,vr,507425.0,113250.0,Subalpine Molasse,USM,,460.0,0.0,0.55,0.04,21.0,1.0,V,PhD thesis Roland Schegg (1993),65.63718032010813,83.16338693234049,103.74582061693448
RS234,,,,,,,,,,,,,,,,,,,,,,,,,,,,,,,,,,6.230188,46.158168,,,-2181.5036895146764,-2181.5036895146764,66234.62094548231,,,,,,,,outcrop,62.12450484278827,81.5126023038201,103.74582061693448,vr,506650.0,112575.0,Subalpine Molasse,USM,,460.0,0.0,0.54,0.05,50.0,1.0,V,PhD thesis Roland Schegg (1993),62.12450484278827,81.5126023038201,103.74582061693448
RS112,,,,,,,,,,,,,,,,,,,,,,,,,,,,,,,,,,6.212435,45.969272,,,-9497.809748402247,-9497.809748402247,42556.64592099167,,,,,,,,outcrop,58.46542636904028,79.83096010749175,103.74582061693448,vr,504950.0,91600.0,Subalpine Molasse,UMM,,700.0,0.0,0.53,0.06,50.0,1.0,V,PhD thesis Roland Schegg (1993),58.46542636904028,79.83096010749175,103.74582061693448
RS129,,,,,,,,,,,,,,,,,,,,,,,,,,,,,,,,,,6.28006,46.035214,,,-13045.24187749112,-13045.24187749112,57334.420048294545,,,,,,,,outcrop,56.577070218057884,74.58878391649459,95.57299942426182,vr,510300.0,98850.0,Subalpine Molasse,UMM,,820.0,0.0,0.5,0.04,50.0,0.0,V,PhD thesis Roland Schegg (1993),56.577070218057884,74.58878391649459,95.57299942426182
RS131,,,,,,,,,,,,,,,,,,,,,,,,,,,,,,,,,,6.279433,46.034308,,,-13073.054755727448,-13073.054755727448,57334.420048294545,,,,,,,,outcrop,44.30524816271383,65.11000004298351,88.47006665272471,vr,510250.0,98750.0,Subalpine Molasse,UMM,,830.0,0.0,0.45,0.05,101.0,0.0,C,PhD thesis Roland Schegg (1993),44.30524816271383,65.11000004298351,88.47006665272471
RS133,,,,,,,,,,,,,,,,,,,,,,,,,,,,,,,,,,6.310214,46.044967,,,-14322.805615588059,-14322.805615588059,57516.59619104009,,,,,,,,outcrop,78.43143165771534,96.79760959565424,118.19598261809095,vr,512650.0,99900.0,Subalpine Molasse,UMM,,740.0,0.0,0.64,0.05,50.0,0.0,V,PhD thesis Roland Schegg (1993),78.43143165771534,96.79760959565424,118.19598261809095
RS144,,,,,,,,,,,,,,,,,,,,,,,,,,,,,,,,,,6.353988,46.052595,,,-16960.60834964125,-16960.60834964125,57516.59619104009,,,,,,,,outcrop,97.12708526287697,116.87277231167886,139.58955080112395,vr,516050.0,100700.0,Subalpine Molasse,UMM,,580.0,0.0,0.8,0.07,50.0,0.0,C,PhD thesis Roland Schegg (1993),97.12708526287697,116.87277231167886,139.58955080112395
Wi2065,,,,,,,,,,,,,,,,,,,,,,,,,,,,,,,,,,6.291276,46.054672,,,-12510.958940281951,-12510.958940281951,57516.59619104009,,,,,,,,outcrop,65.63718032010813,86.37677273676137,109.7999628246538,vr,511200.0,101000.0,Subalpine Molasse,UMM,,700.0,0.0,0.57,0.06,62.0,0.0,V,PhD thesis Roland Schegg (1993),65.63718032010813,86.37677273676137,109.7999628246538
RS12,,,,,,,,,,,,,,,,,,,,,,,,,,,,,,,,,,6.376718,46.046514,,,-18460.88778095821,-18460.88778095821,69908.23973639832,,,,,,,,outcrop,93.44241134316275,114.5950496891595,138.52257271602662,vr,517800.0,100000.0,Subalpine Chains,UMM,,680.0,0.0,0.78,0.08,92.0,0.0,C,PhD thesis Roland Schegg (1993),93.44241134316275,114.5950496891595,138.52257271602662
RS114,,,,,,,,,,,,,,,,,,,,,,,,,,,,,,,,,,6.215413,45.951492,,,-10473.422584897678,-10473.422584897678,42556.64592099167,,,,,,,,outcrop,58.46542636904028,83.16338693234049,109.7999628246538,vr,505150.0,89620.0,Subalpine Chains,UMM,,910.0,0.0,0.55,0.08,100.0,1.0,C,PhD thesis Roland Schegg (1993),58.46542636904028,83.16338693234049,109.7999628246538
RS119,,,,,,,,,,,,,,,,,,,,,,,,,,,,,,,,,,6.204513,45.920154,,,-11790.819956727008,-11790.819956727008,34339.69055889684,,,,,,,,outcrop,73.84925237593133,98.1924474283229,124.65264100434605,vr,504250.0,86150.0,Subalpine Chains,UMM,,600.0,0.0,0.65,0.09,100.0,1.0,V,PhD thesis Roland Schegg (1993),73.84925237593133,98.1924474283229,124.65264100434605
RS120,,,,,,,,,,,,,,,,,,,,,,,,,,,,,,,,,,6.204513,45.920154,,,-11790.819956727008,-11790.819956727008,34339.69055889684,,,,,,,,outcrop,67.3421887812391,84.78442606941375,105.29699286879327,vr,504250.0,86150.0,Subalpine Chains,UMM,,600.0,0.0,0.56,0.04,50.0,1.0,V,PhD thesis Roland Schegg (1993),67.3421887812391,84.78442606941375,105.29699286879327
RS122,,,,,,,,,,,,,,,,,,,,,,,,,,,,,,,,,,6.192818,45.924254,,,-10805.853315539314,-10805.853315539314,34339.69055889684,,,,,,,,outcrop,62.12450484278827,79.83096010749175,100.56300257595142,vr,503350.0,86620.0,Subalpine Chains,UMM,,540.0,0.0,0.53,0.04,50.0,1.0,V,PhD thesis Roland Schegg (1993),62.12450484278827,79.83096010749175,100.56300257595142
RS124,,,,,,,,,,,,,,,,,,,,,,,,,,,,,,,,,,6.193446,45.92498,,,-10837.117536593943,-10837.117536593943,34339.69055889684,,,,,,,,outcrop,63.898407129945234,83.16338693234049,105.29699286879327,vr,503400.0,86700.0,Subalpine Chains,UMM,,570.0,0.0,0.55,0.05,50.0,1.0,V,PhD thesis Roland Schegg (1993),63.898407129945234,83.16338693234049,105.29699286879327
RS134,,,,,,,,,,,,,,,,,,,,,,,,,,,,,,,,,,6.341161,46.02863,,,-17316.33651773292,-17316.33651773292,57516.59619104009,,,,,,,,outcrop,79.90718365240433,99.56598919317709,122.12391908486178,vr,515020.0,98050.0,Subalpine Chains,UMM,,1060.0,0.0,0.66,0.06,100.0,0.0,C,PhD thesis Roland Schegg (1993),79.90718365240433,99.56598919317709,122.12391908486178
RS147,,,,,,,,,,,,,,,,,,,,,,,,,,,,,,,,,,6.360744,46.037636,,,-18138.005542260442,-18138.005542260442,57516.59619104009,,,,,,,,outcrop,76.93045191489551,96.79760959565424,119.52395626918522,vr,516550.0,99030.0,Subalpine Chains,UMM,,840.0,0.0,0.64,0.06,50.0,0.0,V,PhD thesis Roland Schegg (1993),76.93045191489551,96.79760959565424,119.52395626918522
RS131,,,,,,,,,,,,,,,,,,,,,,,,,,,,,,,,,,6.391703,46.039907,,,-19695.891533163256,-19695.891533163256,69908.23973639832,,,,,,,,outcrop,73.84925237593131,90.9913861773312,111.25341926385407,vr,518950.0,99250.0,Subalpine Chains,UMM,,880.0,0.0,0.6,0.04,101.0,0.0,C,PhD thesis Roland Schegg (1993),73.84925237593131,90.9913861773312,111.25341926385407
RS186,,,,,,,,,,,,,,,,,,,,,,,,,,,,,,,,,,6.464517,46.049558,,,-22470.25192139891,-22470.25192139891,69908.23973639832,,,,,,,,outcrop,79.90718365240431,98.1924474283229,119.52395626918525,vr,524600.0,100250.0,Subalpine Chains,UMM,,900.0,0.0,0.65,0.05,108.0,0.0,C,PhD thesis Roland Schegg (1993),79.90718365240431,98.1924474283229,119.52395626918525
RS191,,,,,,,,,,,,,,,,,,,,,,,,,,,,,,,,,,6.457099,46.016657,,,-24769.368359147385,-24769.368359147385,69908.23973639832,,,,,,,,outcrop,94.68789572598592,111.06654889335582,130.68698431111326,vr,523980.0,96600.0,Subalpine Chains,UMM,,1640.0,0.0,0.75,0.04,50.0,1.0,V,PhD thesis Roland Schegg (1993),94.68789572598592,111.06654889335582,130.68698431111326
RS196,,,,,,,,,,,,,,,,,,,,,,,,,,,,,,,,,,6.274879,45.975334,,,-14066.19082736489,-14066.19082736489,42556.64592099167,,,,,,,,outcrop,69.0147189077051,86.37677273676137,106.82252473253477,vr,509800.0,92200.0,Subalpine Chains,UMM,,750.0,0.0,0.57,0.04,96.0,1.0,C,PhD thesis Roland Schegg (1993),69.0147189077051,86.37677273676137,106.82252473253477
RS203,,,,,,,,,,,,,,,,,,,,,,,,,,,,,,,,,,6.187363,45.768375,,,-9609.604955647674,-9609.604955647674,14411.574859489885,,,,,,,,outcrop,52.67397534798663,72.77124254317327,95.57299942426182,vr,502650.0,69300.0,Subalpine Chains,Eocene fm.,,980.0,0.0,0.49,0.05,50.0,1.0,D,PhD thesis Roland Schegg (1993),52.67397534798663,72.77124254317327,95.57299942426182
RS204,,,,,,,,,,,,,,,,,,,,,,,,,,,,,,,,,,6.187363,45.768375,,,-9609.604955647674,-9609.604955647674,14411.574859489885,,,,,,,,outcrop,56.577070218057884,76.37033199545215,98.92946300364609,vr,502650.0,69300.0,Subalpine Chains,Eocene fm.,,980.0,0.0,0.51,0.05,50.0,1.0,V,PhD thesis Roland Schegg (1993),56.577070218057884,76.37033199545215,98.92946300364609
Wi2052,,,,,,,,,,,,,,,,,,,,,,,,,,,,,,,,,,6.643127,46.028023,,,-35000.389321565126,-35000.389321565126,69908.23973639832,,,,,,,,outcrop,159.77492554626454,179.79245631446204,203.02994278521484,vr,538400.0,97700.0,Subalpine Chains,Eocene fm.,,1170.0,0.0,1.61,0.12,51.0,1.0,V,PhD thesis Roland Schegg (1993),159.77492554626454,179.79245631446204,203.02994278521484
Wi2053,,,,,,,,,,,,,,,,,,,,,,,,,,,,,,,,,,6.643127,46.028023,,,-35000.389321565126,-35000.389321565126,69908.23973639832,,,,,,,,outcrop,151.11105463178532,175.20724808352227,201.9567611997667,vr,538400.0,97700.0,Subalpine Chains,Eocene fm.,,1170.0,0.0,1.53,0.18,50.0,1.0,V,PhD thesis Roland Schegg (1993),151.11105463178532,175.20724808352227,201.9567611997667
RS325,,,,,,,,,,,,,,,,,,,,,,,,,,,,,,,,,,6.78725,46.633835,,,5313.3255979806545,5313.3255979806545,135739.83372839904,,,,,,,,outcrop,58.46542636904028,76.37033199545215,97.26648870730416,vr,550120.0,164940.0,Plateau Molasse,OMM,,580.0,0.0,0.51,0.04,50.0,0.0,,PhD thesis Roland Schegg (1993),58.46542636904028,76.37033199545215,97.26648870730416
RS326,,,,,,,,,,,,,,,,,,,,,,,,,,,,,,,,,,6.807524,46.642316,,,5687.175673788456,5687.175673788456,136253.74374087024,,,,,,,,outcrop,52.67397534798663,67.0873376182847,84.70249960325413,vr,551680.0,165870.0,Plateau Molasse,OMM,,535.0,0.0,0.46,0.02,50.0,0.0,,PhD thesis Roland Schegg (1993),52.67397534798663,67.0873376182847,84.70249960325413
Weid,,,,,,,,,,,,,,,,,,,,,,,,,,,,,,,,,,6.642652,46.556178,,,3918.567636540137,3918.567636540137,122501.36285900538,,,,,,,,outcrop,16.06854120130353,39.89256701859093,65.53892765864076,vr,538960.0,156410.0,Plateau Molasse,OMM,4,707.0,0.0,0.34,0.05,73.0,1.0,,PhD thesis Roland Schegg (1993),16.06854120130353,39.89256701859093,65.53892765864076
Weid,,,,,,,,,,,,,,,,,,,,,,,,,,,,,,,,,,6.684737,46.549494,,,1592.7156280738259,1592.7156280738259,124538.9996041863,,,,,,,,outcrop,46.473387376014045,65.11000004298351,86.60550674343811,vr,542180.0,155635.0,Plateau Molasse,OMM,6,775.0,0.0,0.45,0.04,99.0,0.0,,PhD thesis Roland Schegg (1993),46.473387376014045,65.11000004298351,86.60550674343811
Weid,,,,,,,,,,,,,,,,,,,,,,,,,,,,,,,,,,6.658585,46.55458,,,3079.3736947319144,3079.3736947319144,123365.30966996506,,,,,,,,outcrop,27.414000124085128,45.03483732695887,65.53892765864076,vr,540180.0,156220.0,Plateau Molasse,OMM,7,680.0,0.0,0.36,0.03,100.0,1.0,,PhD thesis Roland Schegg (1993),27.414000124085128,45.03483732695887,65.53892765864076
Weid,,,,,,,,,,,,,,,,,,,,,,,,,,,,,,,,,,6.694047,46.545732,,,891.3652603663564,891.3652603663564,125004.61953256311,,,,,,,,outcrop,48.58927715202983,63.08822421631586,80.77456313648327,vr,542890.0,155210.0,Plateau Molasse,OMM,13,760.0,0.0,0.44,0.02,49.0,0.0,,PhD thesis Roland Schegg (1993),48.58927715202983,63.08822421631586,80.77456313648327
Weid,,,,,,,,,,,,,,,,,,,,,,,,,,,,,,,,,,6.801947,46.683215,,,10238.676105558325,10238.676105558325,136253.74374087024,,,,,,,,outcrop,39.801431382128776,58.90303993506606,80.77456313648327,vr,551290.0,170420.0,Plateau Molasse,OMM,14,605.0,0.0,0.42,0.04,99.0,0.0,,PhD thesis Roland Schegg (1993),39.801431382128776,58.90303993506606,80.77456313648327
Weid,,,,,,,,,,,,,,,,,,,,,,,,,,,,,,,,,,6.921677,46.75156,,,10728.17659853013,10728.17659853013,152025.49737743754,,,,,,,,outcrop,39.801431382128776,61.01996673629585,84.7024996032541,vr,560500.0,177950.0,Plateau Molasse,OMM,15,564.0,0.0,0.43,0.05,100.0,1.0,,PhD thesis Roland Schegg (1993),39.801431382128776,61.01996673629585,84.7024996032541
Weid,,,,,,,,,,,,,,,,,,,,,,,,,,,,,,,,,,6.938399,46.783029,,,13585.1252292716,13585.1252292716,153432.76864854488,,,,,,,,outcrop,39.801431382128776,61.01996673629585,84.7024996032541,vr,561800.0,181440.0,Plateau Molasse,OMM,16,540.0,0.0,0.43,0.05,69.0,1.0,,PhD thesis Roland Schegg (1993),39.801431382128776,61.01996673629585,84.7024996032541
Weid,,,,,,,,,,,,,,,,,,,,,,,,,,,,,,,,,,6.962348,46.688678,,,3084.0678219946158,3084.0678219946158,152274.36928318697,,,,,,,,outcrop,58.46542636904028,79.83096010749175,103.74582061693448,vr,563565.0,170940.0,Plateau Molasse,OMM,17,710.0,0.0,0.53,0.06,99.0,1.0,,PhD thesis Roland Schegg (1993),58.46542636904028,79.83096010749175,103.74582061693448
Weid,,,,,,,,,,,,,,,,,,,,,,,,,,,,,,,,,,6.873921,46.725246,,,10301.098483513411,10301.098483513411,151632.3458634914,,,,,,,,outcrop,63.898407129945234,83.16338693234049,105.29699286879327,vr,556830.0,175050.0,Plateau Molasse,OMM,19,550.0,0.0,0.55,0.05,100.0,1.0,,PhD thesis Roland Schegg (1993),63.898407129945234,83.16338693234049,105.29699286879327
Weid,,,,,,,,,,,,,,,,,,,,,,,,,,,,,,,,,,6.855518,46.697266,,,9532.902505110671,9532.902505110671,147123.58268852998,,,,,,,,outcrop,35.054049461271404,52.23589857795059,72.37854334304613,vr,555400.0,171950.0,Plateau Molasse,OMM,20,590.0,0.0,0.39,0.03,103.0,1.0,,PhD thesis Roland Schegg (1993),35.054049461271404,52.23589857795059,72.37854334304613
Weid,,,,,,,,,,,,,,,,,,,,,,,,,,,,,,,,,,6.997465,46.734427,,,6972.489130744525,6972.489130744525,156157.31274204905,,,,,,,,outcrop,48.58927715202983,70.91622346130654,95.57299942426182,vr,566280.0,176010.0,Plateau Molasse,OMM,21,650.0,0.0,0.48,0.06,104.0,1.0,,PhD thesis Roland Schegg (1993),48.58927715202983,70.91622346130654,95.57299942426182
Weid,,,,,,,,,,,,,,,,,,,,,,,,,,,,,,,,,,6.855367,46.68701,,,8654.068346799122,8654.068346799122,146606.69622559394,,,,,,,,outcrop,50.65537663651268,70.91622346130654,93.84785430951337,vr,555380.0,170810.0,Plateau Molasse,OMM,23,610.0,0.0,0.48,0.05,100.0,0.0,,PhD thesis Roland Schegg (1993),50.65537663651268,70.91622346130654,93.84785430951337
Weid,,,,,,,,,,,,,,,,,,,,,,,,,,,,,,,,,,6.891855,46.736938,,,10403.780469081265,10403.780469081265,151811.590191838,,,,,,,,outcrop,63.89840712994521,87.94142501015098,114.09341492337268,vr,558210.0,176340.0,Plateau Molasse,OMM,24,550.0,0.0,0.58,0.08,101.0,0.0,,PhD thesis Roland Schegg (1993),63.89840712994521,87.94142501015098,114.09341492337268
Weid,,,,,,,,,,,,,,,,,,,,,,,,,,,,,,,,,,6.876935,46.724721,,,10096.742201920491,10096.742201920491,151632.3458634914,,,,,,,,outcrop,62.12450484278827,84.78442606941375,109.79996282465383,vr,557060.0,174990.0,Plateau Molasse,OMM,26,530.0,0.0,0.56,0.07,101.0,0.0,,PhD thesis Roland Schegg (1993),62.12450484278827,84.78442606941375,109.79996282465383
Weid,,,,,,,,,,,,,,,,,,,,,,,,,,,,,,,,,,6.819823,46.708682,,,12255.63056324908,12255.63056324908,146606.69622559394,,,,,,,,outcrop,35.054049461271404,56.73509797054007,80.77456313648327,vr,552680.0,173240.0,Plateau Molasse,OMM,28,550.0,0.0,0.41,0.05,50.0,1.0,,PhD thesis Roland Schegg (1993),35.054049461271404,56.73509797054007,80.77456313648327
Weid,,,,,,,,,,,,,,,,,,,,,,,,,,,,,,,,,,6.824422,46.712575,,,12352.506787630065,12352.506787630065,146606.69622559394,,,,,,,,outcrop,52.67397534798663,67.0873376182847,84.70249960325413,vr,553035.0,173670.0,Plateau Molasse,OMM,29,540.0,0.0,0.46,0.02,50.0,0.0,,PhD thesis Roland Schegg (1993),52.67397534798663,67.0873376182847,84.70249960325413
Weid,,,,,,,,,,,,,,,,,,,,,,,,,,,,,,,,,,6.819425,46.720554,,,13281.326719620678,13281.326719620678,146750.5965859417,,,,,,,,outcrop,35.054049461271404,52.23589857795059,72.37854334304613,vr,552660.0,174560.0,Plateau Molasse,OMM,30,630.0,0.0,0.39,0.03,50.0,0.0,,PhD thesis Roland Schegg (1993),35.054049461271404,52.23589857795059,72.37854334304613
Weid,,,,,,,,,,,,,,,,,,,,,,,,,,,,,,,,,,6.828386,46.714756,,,12349.043847612249,12349.043847612249,146876.0901975708,,,,,,,,outcrop,46.473387376014045,65.11000004298351,86.60550674343811,vr,553340.0,173910.0,Plateau Molasse,OMM,31,530.0,0.0,0.45,0.04,50.0,1.0,,PhD thesis Roland Schegg (1993),46.473387376014045,65.11000004298351,86.60550674343811
Weid,,,,,,,,,,,,,,,,,,,,,,,,,,,,,,,,,,6.849362,46.722153,,,11501.104185212476,11501.104185212476,151430.441452024,,,,,,,,outcrop,39.801431382128776,56.73509797054007,76.67199544176499,vr,554950.0,174720.0,Plateau Molasse,OMM,33,605.0,0.0,0.41,0.03,50.0,0.0,,PhD thesis Roland Schegg (1993),39.801431382128776,56.73509797054007,76.67199544176499
Weid,,,,,,,,,,,,,,,,,,,,,,,,,,,,,,,,,,6.635,46.535793,,,2336.155425879746,2336.155425879746,120807.12353718819,,,,,,,,outcrop,58.46542636904028,78.11728471229827,100.56300257595142,vr,538350.0,154150.0,Plateau Molasse,OMM,51,,0.0,0.52,0.05,50.0,1.0,,PhD thesis Roland Schegg (1993),58.46542636904028,78.11728471229827,100.56300257595142
Weid,,,,,,,,,,,,,,,,,,,,,,,,,,,,,,,,,,6.645237,46.54891,,,3140.7159811864003,3140.7159811864003,122206.15648667671,,,,,,,,outcrop,60.314024685172896,76.37033199545215,95.57299942426182,vr,539150.0,155600.0,Plateau Molasse,OMM,53,,0.0,0.51,0.03,30.0,1.0,,PhD thesis Roland Schegg (1993),60.314024685172896,76.37033199545215,95.57299942426182
Weid,,,,,,,,,,,,,,,,,,,,,,,,,,,,,,,,,,6.666736,46.549958,,,2307.3577422788308,2307.3577422788308,123565.39553141093,,,,,,,,outcrop,62.12450484278827,84.78442606941375,109.79996282465383,vr,540800.0,155700.0,Plateau Molasse,OMM,82,,0.0,0.56,0.07,50.0,0.0,,PhD thesis Roland Schegg (1993),62.12450484278827,84.78442606941375,109.79996282465383
Weid,,,,,,,,,,,,,,,,,,,,,,,,,,,,,,,,,,6.658582,46.55476,,,3096.1260838032554,3096.1260838032554,123365.30966996506,,,,,,,,outcrop,48.58927715202983,70.91622346130654,95.57299942426182,vr,540180.0,156240.0,Plateau Molasse,OMM,87,,0.0,0.48,0.06,50.0,1.0,,PhD thesis Roland Schegg (1993),48.58927715202983,70.91622346130654,95.57299942426182
Weid,,,,,,,,,,,,,,,,,,,,,,,,,,,,,,,,,,6.815388,46.752917,,,15675.544437260964,15675.544437260964,151632.3458634914,,,,,,,,outcrop,44.30524816271383,61.01996673629585,80.77456313648327,vr,552380.0,178160.0,Plateau Molasse,OMM,105,620.0,0.0,0.43,0.03,50.0,0.0,,PhD thesis Roland Schegg (1993),44.30524816271383,61.01996673629585,80.77456313648327
Weid,,,,,,,,,,,,,,,,,,,,,,,,,,,,,,,,,,6.825884,46.693242,,,10584.716706735479,10584.716706735479,143546.82103230403,,,,,,,,outcrop,52.67397534798662,69.02214849080293,88.47006665272471,vr,553130.0,171520.0,Plateau Molasse,OMM,123,530.0,0.0,0.47,0.03,50.0,0.0,,PhD thesis Roland Schegg (1993),52.67397534798662,69.02214849080293,88.47006665272471
Weid,,,,,,,,,,,,,,,,,,,,,,,,,,,,,,,,,,6.754884,46.776409,,,20903.310323177142,20903.310323177142,151632.3458634914,,,,,,,,outcrop,37.459821233052885,56.73509797054007,78.7460732081933,vr,547780.0,180810.0,Plateau Molasse,OMM,127,510.0,0.0,0.41,0.04,50.0,0.0,,PhD thesis Roland Schegg (1993),37.459821233052885,56.73509797054007,78.7460732081933
Weid,,,,,,,,,,,,,,,,,,,,,,,,,,,,,,,,,,6.962924,46.675277,,,1700.4026834413426,1700.4026834413426,151963.97104529102,,,,,,,,outcrop,27.414000124085142,47.499792562452306,70.15451822205067,vr,563600.0,169450.0,Plateau Molasse,OMM,126,775.0,0.0,0.37,0.04,54.0,0.0,,PhD thesis Roland Schegg (1993),27.414000124085142,47.499792562452306,70.15451822205067
Weid,,,,,,,,,,,,,,,,,,,,,,,,,,,,,,,,,,6.753006,46.769651,,,20429.682716443036,20429.682716443036,136253.74374087024,,,,,,,,outcrop,39.801431382128776,54.513621200469956,72.37854334304613,vr,547630.0,180060.0,Plateau Molasse,OMM,125,560.0,0.0,0.4,0.02,50.0,0.0,,PhD thesis Roland Schegg (1993),39.801431382128776,54.513621200469956,72.37854334304613
Weid,,,,,,,,,,,,,,,,,,,,,,,,,,,,,,,,,,6.83666,46.816991,,,20164.196193192853,20164.196193192853,151811.590191838,,,,,,,,outcrop,35.054049461271404,56.73509797054007,80.77456313648327,vr,554060.0,185270.0,Plateau Molasse,OMM,129,600.0,0.0,0.41,0.05,50.0,0.0,,PhD thesis Roland Schegg (1993),35.054049461271404,56.73509797054007,80.77456313648327
Weid,,,,,,,,,,,,,,,,,,,,,,,,,,,,,,,,,,7.108901,46.740112,,,4350.424988219573,4350.424988219573,166577.22107861834,,,,,,,,outcrop,46.473387376014045,63.08822421631586,82.75942622565572,vr,574800.0,176600.0,Plateau Molasse,OMM,131,595.0,0.0,0.44,0.03,48.0,1.0,,PhD thesis Roland Schegg (1993),46.473387376014045,63.08822421631586,82.75942622565572
Weid,,,,,,,,,,,,,,,,,,,,,,,,,,,,,,,,,,7.085162,46.768467,,,7986.933552880323,7986.933552880323,166577.22107861834,,,,,,,,outcrop,44.30524816271383,61.01996673629585,80.77456313648327,vr,573000.0,179760.0,Plateau Molasse,OMM,135,585.0,0.0,0.43,0.03,50.0,1.0,,PhD thesis Roland Schegg (1993),44.30524816271383,61.01996673629585,80.77456313648327
Weid,,,,,,,,,,,,,,,,,,,,,,,,,,,,,,,,,,7.050452,46.734531,,,6162.076050237925,6162.076050237925,159139.6974485138,,,,,,,,outcrop,35.054049461271404,58.90303993506606,84.7024996032541,vr,570330.0,176000.0,Plateau Molasse,OMM,140,635.0,0.0,0.42,0.06,50.0,1.0,,PhD thesis Roland Schegg (1993),35.054049461271404,58.90303993506606,84.7024996032541
Weid,,,,,,,,,,,,,,,,,,,,,,,,,,,,,,,,,,7.120788,46.765604,,,6300.714550561432,6300.714550561432,168544.1603911634,,,,,,,,outcrop,37.459821233052885,56.73509797054007,78.7460732081933,vr,575720.0,179430.0,Plateau Molasse,OMM,143,575.0,0.0,0.41,0.04,50.0,1.0,,PhD thesis Roland Schegg (1993),37.459821233052885,56.73509797054007,78.7460732081933
Weid,,,,,,,,,,,,,,,,,,,,,,,,,,,,,,,,,,7.120788,46.765604,,,6300.714550561432,6300.714550561432,168544.1603911634,,,,,,,,outcrop,46.473387376014045,63.08822421631586,82.75942622565572,vr,575720.0,179430.0,Plateau Molasse,OMM,144,575.0,0.0,0.44,0.03,40.0,1.0,,PhD thesis Roland Schegg (1993),46.473387376014045,63.08822421631586,82.75942622565572
Weid,,,,,,,,,,,,,,,,,,,,,,,,,,,,,,,,,,7.128624,46.768954,,,6416.642042194374,6416.642042194374,168544.1603911634,,,,,,,,outcrop,42.0822135573376,58.90303993506606,78.7460732081933,vr,576320.0,179800.0,Plateau Molasse,OMM,145,610.0,0.0,0.42,0.03,50.0,1.0,,PhD thesis Roland Schegg (1993),42.0822135573376,58.90303993506606,78.7460732081933
Weid,,,,,,,,,,,,,,,,,,,,,,,,,,,,,,,,,,7.113047,46.746961,,,4899.576522277901,4899.576522277901,168544.1603911634,,,,,,,,outcrop,46.473387376014045,63.08822421631586,82.75942622565572,vr,575120.0,177360.0,Plateau Molasse,OMM,147,593.0,0.0,0.44,0.03,50.0,0.0,,PhD thesis Roland Schegg (1993),46.473387376014045,63.08822421631586,82.75942622565572
Weid,,,,,,,,,,,,,,,,,,,,,,,,,,,,,,,,,,7.111765,46.74255,,,4492.295635655027,4492.295635655027,166577.22107861834,,,,,,,,outcrop,21.924389127895317,49.89900775990016,78.7460732081933,vr,575020.0,176870.0,Plateau Molasse,OMM,148,595.0,0.0,0.38,0.07,50.0,1.0,,PhD thesis Roland Schegg (1993),21.924389127895317,49.89900775990016,78.7460732081933
Weid,,,,,,,,,,,,,,,,,,,,,,,,,,,,,,,,,,7.111389,46.73976,,,4226.229120400978,4226.229120400978,166577.22107861834,,,,,,,,outcrop,54.64720842850283,72.77124254317327,93.84785430951337,vr,574990.0,176560.0,Plateau Molasse,OMM,150,600.0,0.0,0.49,0.04,69.0,0.0,,PhD thesis Roland Schegg (1993),54.64720842850283,72.77124254317327,93.84785430951337
Weid,,,,,,,,,,,,,,,,,,,,,,,,,,,,,,,,,,7.116101,46.728619,,,2969.691916365268,2969.691916365268,166577.22107861834,,,,,,,,outcrop,37.459821233052885,56.73509797054007,78.7460732081933,vr,575345.0,175320.0,Plateau Molasse,OMM,151,630.0,0.0,0.41,0.04,98.0,0.0,,PhD thesis Roland Schegg (1993),37.459821233052885,56.73509797054007,78.7460732081933
Weid,,,,,,,,,,,,,,,,,,,,,,,,,,,,,,,,,,7.115486,46.733115,,,3426.505884735235,3426.505884735235,166577.22107861834,,,,,,,,outcrop,32.580500629570736,49.89900775990016,70.15451822205068,vr,575300.0,175820.0,Plateau Molasse,OMM,152,640.0,0.0,0.38,0.03,93.0,1.0,,PhD thesis Roland Schegg (1993),32.580500629570736,49.89900775990016,70.15451822205068
Weid,,,,,,,,,,,,,,,,,,,,,,,,,,,,,,,,,,7.116881,46.718546,,,2058.761175592076,2058.761175592076,166577.22107861834,,,,,,,,outcrop,21.924389127895317,45.03483732695887,70.15451822205067,vr,575400.0,174200.0,Plateau Molasse,OMM,153,710.0,0.0,0.36,0.05,100.0,1.0,,PhD thesis Roland Schegg (1993),21.924389127895317,45.03483732695887,70.15451822205067
Weid,,,,,,,,,,,,,,,,,,,,,,,,,,,,,,,,,,7.109917,46.723744,,,2842.8010092381346,2842.8010092381346,166577.22107861834,,,,,,,,outcrop,32.580500629570736,56.73509797054007,82.75942622565572,vr,574870.0,174780.0,Plateau Molasse,OMM,154,605.0,0.0,0.41,0.06,100.0,1.0,,PhD thesis Roland Schegg (1993),32.580500629570736,56.73509797054007,82.75942622565572
Weid,,,,,,,,,,,,,,,,,,,,,,,,,,,,,,,,,,7.09966,46.711569,,,2566.307814893145,2566.307814893145,165029.5179783929,,,,,,,,outcrop,62.12450484278827,81.5126023038201,103.74582061693448,vr,574080.0,173430.0,Plateau Molasse,OMM,156,675.0,0.0,0.54,0.05,50.0,1.0,,PhD thesis Roland Schegg (1993),62.12450484278827,81.5126023038201,103.74582061693448
Weid,,,,,,,,,,,,,,,,,,,,,,,,,,,,,,,,,,7.031065,46.72034,,,4914.538379649967,4914.538379649967,157940.6020162195,,,,,,,,outcrop,35.05404946127142,54.513621200469956,76.67199544176499,vr,568840.0,174430.0,Plateau Molasse,OMM,158,678.0,0.0,0.4,0.04,50.0,0.0,,PhD thesis Roland Schegg (1993),35.05404946127142,54.513621200469956,76.67199544176499
Weid,,,,,,,,,,,,,,,,,,,,,,,,,,,,,,,,,,7.131501,46.700775,,,247.96950554797962,247.96950554797962,165522.24830534612,,,,,,,,outcrop,35.054049461271404,58.90303993506606,84.7024996032541,vr,576510.0,172220.0,Plateau Molasse,OMM,161,602.0,0.0,0.42,0.06,50.0,1.0,,PhD thesis Roland Schegg (1993),35.054049461271404,58.90303993506606,84.7024996032541
Weid,,,,,,,,,,,,,,,,,,,,,,,,,,,,,,,,,,6.680744,46.545959,,,1399.7886673152493,1399.7886673152493,124194.09000198811,,,,,,,,outcrop,58.46542636904027,74.58878391649459,93.84785430951337,vr,541870.0,155245.0,Plateau Molasse,USM,1,750.0,0.0,0.5,0.03,50.0,0.0,,PhD thesis Roland Schegg (1993),58.46542636904027,74.58878391649459,93.84785430951337
Weid,,,,,,,,,,,,,,,,,,,,,,,,,,,,,,,,,,6.584371,46.662628,,,16311.779757933798,16311.779757933798,123711.1265078155,,,,,,,,outcrop,58.46542636904028,76.37033199545215,97.26648870730416,vr,534620.0,168290.0,Plateau Molasse,USM,3,630.0,0.0,0.51,0.04,50.0,0.0,,PhD thesis Roland Schegg (1993),58.46542636904028,76.37033199545215,97.26648870730416
Weid,,,,,,,,,,,,,,,,,,,,,,,,,,,,,,,,,,6.586895,46.660038,,,15966.83090609526,15966.83090609526,123711.1265078155,,,,,,,,outcrop,44.30524816271383,67.0873376182847,92.0898473192407,vr,534810.0,168000.0,Plateau Molasse,USM,5,650.0,0.0,0.46,0.06,50.0,0.0,,PhD thesis Roland Schegg (1993),44.30524816271383,67.0873376182847,92.0898473192407
Weid,,,,,,,,,,,,,,,,,,,,,,,,,,,,,,,,,,6.587495,46.679924,,,17893.65191038567,17893.65191038567,124528.93382010203,,,,,,,,outcrop,42.0822135573376,65.11000004298351,90.2977021460619,vr,534880.0,170210.0,Plateau Molasse,USM,8,500.0,0.0,0.45,0.06,50.0,1.0,,PhD thesis Roland Schegg (1993),42.0822135573376,65.11000004298351,90.2977021460619
Weid,,,,,,,,,,,,,,,,,,,,,,,,,,,,,,,,,,6.910417,46.752048,,,11127.573833382407,11127.573833382407,152025.49737743754,,,,,,,,outcrop,60.3140246851729,79.83096010749175,102.16813131951629,vr,559640.0,178010.0,Plateau Molasse,USM,25,510.0,0.0,0.53,0.05,50.0,0.0,,PhD thesis Roland Schegg (1993),60.3140246851729,79.83096010749175,102.16813131951629
Weid,,,,,,,,,,,,,,,,,,,,,,,,,,,,,,,,,,6.641544,46.53404,,,1920.7119453982539,1920.7119453982539,120870.21391180532,,,,,,,,outcrop,50.65537663651268,69.02214849080293,90.2977021460619,vr,538850.0,153950.0,Plateau Molasse,USM,54,,0.0,0.47,0.04,50.0,0.0,,PhD thesis Roland Schegg (1993),50.65537663651268,69.02214849080293,90.2977021460619
Weid,,,,,,,,,,,,,,,,,,,,,,,,,,,,,,,,,,6.62978,46.536206,,,2613.8839373623077,2613.8839373623077,120807.12353718819,,,,,,,,outcrop,67.34218878123909,86.37677273676137,108.32325009795882,vr,537950.0,154200.0,Plateau Molasse,USM,56,,0.0,0.57,0.05,50.0,0.0,,PhD thesis Roland Schegg (1993),67.34218878123909,86.37677273676137,108.32325009795882
Weid,,,,,,,,,,,,,,,,,,,,,,,,,,,,,,,,,,6.599859,46.532166,,,4009.8522405197614,4009.8522405197614,118456.3410442983,,,,,,,,outcrop,52.67397534798663,67.0873376182847,84.70249960325413,vr,535650.0,153775.0,Plateau Molasse,USM,58,435.0,0.0,0.46,0.02,50.0,0.0,,PhD thesis Roland Schegg (1993),52.67397534798663,67.0873376182847,84.70249960325413
Weid,,,,,,,,,,,,,,,,,,,,,,,,,,,,,,,,,,6.635806,46.525454,,,1464.9726941428396,1464.9726941428396,120807.12353718819,,,,,,,,outcrop,62.12450484278827,79.83096010749175,100.56300257595142,vr,538400.0,153000.0,Plateau Molasse,USM,59,,0.0,0.53,0.04,50.0,0.0,,PhD thesis Roland Schegg (1993),62.12450484278827,79.83096010749175,100.56300257595142
Weid,,,,,,,,,,,,,,,,,,,,,,,,,,,,,,,,,,6.625407,46.52358,,,2110.5213626473083,2110.5213626473083,120807.12353718819,,,,,,,,outcrop,73.84925237593131,90.9913861773312,111.25341926385407,vr,537600.0,152800.0,Plateau Molasse,USM,60,,0.0,0.6,0.04,50.0,0.0,,PhD thesis Roland Schegg (1993),73.84925237593131,90.9913861773312,111.25341926385407
Weid,,,,,,,,,,,,,,,,,,,,,,,,,,,,,,,,,,6.633159,46.528134,,,1802.9491587181622,1802.9491587181622,120807.12353718819,,,,,,,,outcrop,63.898407129945234,81.5126023038201,102.16813131951629,vr,538200.0,153300.0,Plateau Molasse,USM,62,,0.0,0.54,0.04,50.0,1.0,,PhD thesis Roland Schegg (1993),63.898407129945234,81.5126023038201,102.16813131951629
Weid,,,,,,,,,,,,,,,,,,,,,,,,,,,,,,,,,,6.668277,46.533325,,,711.4479793868585,711.4479793868585,122679.08034464209,,,,,,,,outcrop,50.65537663651268,69.02214849080293,90.2977021460619,vr,540900.0,153850.0,Plateau Molasse,USM,63,,0.0,0.47,0.04,50.0,0.0,,PhD thesis Roland Schegg (1993),50.65537663651268,69.02214849080293,90.2977021460619
Weid,,,,,,,,,,,,,,,,,,,,,,,,,,,,,,,,,,6.651208,46.541754,,,2225.827880461454,2225.827880461454,122132.13106434153,,,,,,,,outcrop,54.64720842850283,72.77124254317327,93.84785430951337,vr,539600.0,154800.0,Plateau Molasse,USM,76,,0.0,0.49,0.04,50.0,0.0,,PhD thesis Roland Schegg (1993),54.64720842850283,72.77124254317327,93.84785430951337
Weid,,,,,,,,,,,,,,,,,,,,,,,,,,,,,,,,,,6.655354,46.61555,,,9153.618436375893,9153.618436375893,127752.35823423941,,,,,,,,outcrop,58.46542636904028,76.37033199545215,97.26648870730416,vr,540000.0,163000.0,Plateau Molasse,USM,88,,0.0,0.51,0.04,50.0,1.0,,PhD thesis Roland Schegg (1993),58.46542636904028,76.37033199545215,97.26648870730416
Weid,,,,,,,,,,,,,,,,,,,,,,,,,,,,,,,,,,6.69377,46.669784,,,12426.274591353913,12426.274591353913,134188.56358984014,,,,,,,,outcrop,46.47338737601403,61.01996673629585,78.7460732081933,vr,543000.0,169000.0,Plateau Molasse,USM,91,610.0,0.0,0.43,0.02,50.0,0.0,,PhD thesis Roland Schegg (1993),46.47338737601403,61.01996673629585,78.7460732081933
Weid,,,,,,,,,,,,,,,,,,,,,,,,,,,,,,,,,,6.570855,46.674311,,,17947.414867713927,17947.414867713927,123711.1265078155,,,,,,,,outcrop,39.801431382128776,54.513621200469956,72.37854334304613,vr,533600.0,169600.0,Plateau Molasse,USM,92,570.0,0.0,0.4,0.02,50.0,0.0,,PhD thesis Roland Schegg (1993),39.801431382128776,54.513621200469956,72.37854334304613
Weid,,,,,,,,,,,,,,,,,,,,,,,,,,,,,,,,,,6.565453,46.685065,,,19194.173932051333,19194.173932051333,123711.1265078155,,,,,,,,outcrop,52.67397534798662,69.02214849080293,88.47006665272471,vr,533200.0,170800.0,Plateau Molasse,USM,95,450.0,0.0,0.47,0.03,50.0,0.0,,PhD thesis Roland Schegg (1993),52.67397534798662,69.02214849080293,88.47006665272471
Weid,,,,,,,,,,,,,,,,,,,,,,,,,,,,,,,,,,6.587495,46.679924,,,17893.65191038567,17893.65191038567,124528.93382010203,,,,,,,,outcrop,69.01471890770512,83.16338693234049,100.56300257595142,vr,534880.0,170210.0,Plateau Molasse,USM,114,500.0,0.0,0.55,0.02,50.0,0.0,,PhD thesis Roland Schegg (1993),69.01471890770512,83.16338693234049,100.56300257595142
Weid,,,,,,,,,,,,,,,,,,,,,,,,,,,,,,,,,,6.668801,46.533149,,,672.5058071158114,672.5058071158114,122701.0691422175,,,,,,,,outcrop,50.65537663651269,67.0873376182847,86.60550674343811,vr,540940.0,153830.0,Plateau Molasse,USM,128,,0.0,0.46,0.03,49.0,0.0,,PhD thesis Roland Schegg (1993),50.65537663651269,67.0873376182847,86.60550674343811
Weid,,,,,,,,,,,,,,,,,,,,,,,,,,,,,,,,,,6.804703,46.582298,,,-381.4139308212899,-381.4139308212899,134555.9174484057,,,,,,,,outcrop,130.7010974324971,150.30057612135988,173.03689906047148,vr,551410.0,159200.0,Plateau Molasse,USM,130,,0.0,1.16,0.09,16.0,1.0,,PhD thesis Roland Schegg (1993),130.7010974324971,150.30057612135988,173.03689906047148
RS,,,,,,,,,,,,,,,,,,,,,,,,,,,,,,,,,,6.880711,46.57505,,,-2795.0801015385086,-2795.0801015385086,140715.8177580261,,,,,,,,outcrop,72.26713431521804,89.4793297768586,109.7999628246538,vr,557230.0,158350.0,Subalpine Molasse,USM,280,,0.0,0.59,0.04,50.0,0.0,,PhD thesis Roland Schegg (1993),72.26713431521804,89.4793297768586,109.7999628246538
RS,,,,,,,,,,,,,,,,,,,,,,,,,,,,,,,,,,6.937859,46.616067,,,-1430.4055396859715,-1430.4055396859715,146293.57703809507,,,,,,,,outcrop,42.0822135573376,65.11000004298351,90.2977021460619,vr,561640.0,162880.0,Subalpine Molasse,USM,281,,0.0,0.45,0.06,67.0,1.0,,PhD thesis Roland Schegg (1993),42.0822135573376,65.11000004298351,90.2977021460619
RS,,,,,,,,,,,,,,,,,,,,,,,,,,,,,,,,,,6.904386,46.581821,,,-3130.359232719635,-3130.359232719635,142405.5325899711,,,,,,,,outcrop,27.414000124085142,47.499792562452306,70.15451822205067,vr,559050.0,159090.0,Subalpine Molasse,USM,283,,0.0,0.37,0.04,50.0,1.0,,PhD thesis Roland Schegg (1993),27.414000124085142,47.499792562452306,70.15451822205067
RS,,,,,,,,,,,,,,,,,,,,,,,,,,,,,,,,,,6.884175,46.606103,,,-21.958284131350418,-21.958284131350418,142556.6733945721,,,,,,,,outcrop,21.924389127895317,42.50043767422948,65.53892765864074,vr,557520.0,161800.0,Subalpine Molasse,USM,274,,0.0,0.35,0.04,50.0,0.0,,PhD thesis Roland Schegg (1993),21.924389127895317,42.50043767422948,65.53892765864074
RS,,,,,,,,,,,,,,,,,,,,,,,,,,,,,,,,,,6.928905,46.624124,,,-312.03710011492046,-312.03710011492046,146479.28344070984,,,,,,,,outcrop,48.58927715202983,69.02214849080293,92.0898473192407,vr,560960.0,163780.0,Subalpine Molasse,USM,353,900.0,0.0,0.47,0.05,50.0,1.0,,PhD thesis Roland Schegg (1993),48.58927715202983,69.02214849080293,92.0898473192407
Weid,,,,,,,,,,,,,,,,,,,,,,,,,,,,,,,,,,6.844829,46.480861,,,-11160.612730470122,-11160.612730470122,137819.99149729285,,,,,,,,outcrop,92.17900570774839,112.25815887110905,135.2455689576802,vr,554400.0,147900.0,Subalpine Molasse,USM,10,630.0,0.0,0.76,0.07,100.0,1.0,,PhD thesis Roland Schegg (1993),92.17900570774839,112.25815887110905,135.2455689576802
Weid,,,,,,,,,,,,,,,,,,,,,,,,,,,,,,,,,,6.561592,46.601012,,,11509.147649421799,11509.147649421799,120807.12353718819,,,,,,,,outcrop,44.30524816271383,63.08822421631586,84.7024996032541,vr,532800.0,161460.0,Subalpine Molasse,USM,12,580.0,0.0,0.44,0.04,50.0,0.0,,PhD thesis Roland Schegg (1993),44.30524816271383,63.08822421631586,84.7024996032541
Weid,,,,,,,,,,,,,,,,,,,,,,,,,,,,,,,,,,6.743766,46.542359,,,-1424.1221214214922,-1424.1221214214922,128162.04695228476,,,,,,,,outcrop,58.46542636904028,81.5126023038201,106.82252473253479,vr,546700.0,154800.0,Subalpine Molasse,USM,100,,0.0,0.54,0.07,45.0,0.0,,PhD thesis Roland Schegg (1993),58.46542636904028,81.5126023038201,106.82252473253479
Weid,,,,,,,,,,,,,,,,,,,,,,,,,,,,,,,,,,6.742919,46.547391,,,-923.7049871599578,-923.7049871599578,128331.59648076285,,,,,,,,outcrop,67.3421887812391,89.4793297768586,114.09341492337268,vr,546640.0,155360.0,Subalpine Molasse,USM,101,,0.0,0.59,0.07,70.0,0.0,,PhD thesis Roland Schegg (1993),67.3421887812391,89.4793297768586,114.09341492337268
Weid,,,,,,,,,,,,,,,,,,,,,,,,,,,,,,,,,,6.769694,46.554209,,,-1352.999392931414,-1352.999392931414,130650.90096205246,,,,,,,,outcrop,69.0147189077051,87.94142501015098,109.7999628246538,vr,548700.0,156100.0,Subalpine Molasse,USM,102,,0.0,0.58,0.05,50.0,0.0,,PhD thesis Roland Schegg (1993),69.0147189077051,87.94142501015098,109.7999628246538
Weid,,,,,,,,,,,,,,,,,,,,,,,,,,,,,,,,,,6.810839,46.604372,,,1589.2320199652404,1589.2320199652404,135964.26095771953,,,,,,,,outcrop,44.30524816271381,69.02214849080293,95.57299942426182,vr,551900.0,161650.0,Subalpine Molasse,USM,104,,0.0,0.47,0.07,60.0,0.0,,PhD thesis Roland Schegg (1993),44.30524816271381,69.02214849080293,95.57299942426182
Wi,,,,,,,,,,,,,,,,,,,,,,,,,,,,,,,,,,6.8153,46.557168,,,-3048.446574819995,-3048.446574819995,137819.99149729285,,,,,,,,outcrop,72.26713431521804,95.3808049119273,120.83309277837628,vr,552200.0,156400.0,Subalpine Molasse,USM,2036,625.0,0.0,0.63,0.08,73.0,0.0,,PhD thesis Roland Schegg (1993),72.26713431521804,95.3808049119273,120.83309277837628
Wi,,,,,,,,,,,,,,,,,,,,,,,,,,,,,,,,,,6.8153,46.557168,,,-3048.446574819995,-3048.446574819995,137819.99149729285,,,,,,,,outcrop,46.473387376014045,67.0873376182847,90.2977021460619,vr,552200.0,156400.0,Subalpine Molasse,USM,2037,625.0,0.0,0.46,0.05,50.0,0.0,,PhD thesis Roland Schegg (1993),46.473387376014045,67.0873376182847,90.2977021460619
Wi,,,,,,,,,,,,,,,,,,,,,,,,,,,,,,,,,,6.816599,46.557625,,,-2955.7911833435955,-2955.7911833435955,137819.99149729285,,,,,,,,outcrop,39.801431382128776,61.01996673629585,84.7024996032541,vr,552300.0,156450.0,Subalpine Molasse,USM,2038,625.0,0.0,0.43,0.05,50.0,0.0,,PhD thesis Roland Schegg (1993),39.801431382128776,61.01996673629585,84.7024996032541
Wi,,,,,,,,,,,,,,,,,,,,,,,,,,,,,,,,,,6.816783,46.541658,,,-4579.1675972157855,-4579.1675972157855,132610.42065321963,,,,,,,,outcrop,35.054049461271404,52.23589857795059,72.37854334304613,vr,552300.0,154675.0,Subalpine Molasse,USM,2039,660.0,0.0,0.39,0.03,50.0,0.0,,PhD thesis Roland Schegg (1993),35.054049461271404,52.23589857795059,72.37854334304613
RS,,,,,,,,,,,,,,,,,,,,,,,,,,,,,,,,,,7.727706,46.782057,,,-2505.983056508331,-2505.983056508331,214929.15908670475,,,,,,,,outcrop,78.43143165771535,98.1924474283229,120.83309277837628,vr,622075.0,181250.0,Subalpine Molasse,USM,354,750.0,0.0,0.65,0.06,50.0,0.0,,PhD thesis Roland Schegg (1993),78.43143165771535,98.1924474283229,120.83309277837628
RS,,,,,,,,,,,,,,,,,,,,,,,,,,,,,,,,,,7.753413,46.755228,,,-6060.388232314336,-6060.388232314336,215271.78346678638,,,,,,,,outcrop,54.64720842850282,70.91622346130654,90.2977021460619,vr,624050.0,178275.0,Subalpine Molasse,USM,355,1160.0,0.0,0.48,0.03,50.0,0.0,,PhD thesis Roland Schegg (1993),54.64720842850282,70.91622346130654,90.2977021460619
RS,,,,,,,,,,,,,,,,,,,,,,,,,,,,,,,,,,7.715589,46.781187,,,-2115.6943786364322,-2115.6943786364322,213926.8346112487,,,,,,,,outcrop,54.64720842850283,74.58878391649459,97.26648870730416,vr,621150.0,181150.0,Subalpine Molasse,USM,356,915.0,0.0,0.5,0.05,52.0,0.0,,PhD thesis Roland Schegg (1993),54.64720842850283,74.58878391649459,97.26648870730416
RS,,,,,,,,,,,,,,,,,,,,,,,,,,,,,,,,,,7.760631,46.813453,,,-481.4771104534611,-481.4771104534611,218818.2005907173,,,,,,,,outcrop,75.40336687181927,90.9913861773312,109.7999628246538,vr,624575.0,184750.0,Subalpine Molasse,USM,357,945.0,0.0,0.6,0.03,50.0,0.0,,PhD thesis Roland Schegg (1993),75.40336687181927,90.9913861773312,109.7999628246538
RS,,,,,,,,,,,,,,,,,,,,,,,,,,,,,,,,,,7.671077,46.783535,,,-156.98138760476172,-156.98138760476172,211163.91164301804,,,,,,,,outcrop,65.63718032010813,81.5126023038201,100.56300257595142,vr,617750.0,181400.0,Subalpine Molasse,USM,358,680.0,0.0,0.54,0.03,50.0,0.0,,PhD thesis Roland Schegg (1993),65.63718032010813,81.5126023038201,100.56300257595142
RS,,,,,,,,,,,,,,,,,,,,,,,,,,,,,,,,,,7.723459,46.783642,,,-2198.125311374926,-2198.125311374926,214581.68584727705,,,,,,,,outcrop,48.58927715202984,67.0873376182847,88.47006665272471,vr,621750.0,181425.0,Subalpine Molasse,USM,359,740.0,0.0,0.46,0.04,50.0,0.0,,PhD thesis Roland Schegg (1993),48.58927715202984,67.0873376182847,88.47006665272471
RS,,,,,,,,,,,,,,,,,,,,,,,,,,,,,,,,,,7.719543,46.786125,,,-1806.3217888002403,-1806.3217888002403,214471.61768794808,,,,,,,,outcrop,85.57399990907439,102.25171812979984,122.12391908486181,vr,621450.0,181700.0,Subalpine Molasse,USM,360,730.0,0.0,0.68,0.04,50.0,0.0,,PhD thesis Roland Schegg (1993),85.57399990907439,102.25171812979984,122.12391908486181
RS,,,,,,,,,,,,,,,,,,,,,,,,,,,,,,,,,,7.671728,46.782634,,,-268.2668037188219,-268.2668037188219,211153.16193789092,,,,,,,,outcrop,60.314024685172896,74.58878391649459,92.0898473192407,vr,617800.0,181300.0,Subalpine Molasse,USM,362,710.0,0.0,0.5,0.02,50.0,0.0,,PhD thesis Roland Schegg (1993),60.314024685172896,74.58878391649459,92.0898473192407
RS,,,,,,,,,,,,,,,,,,,,,,,,,,,,,,,,,,7.72998,46.778678,,,-2919.2189282837553,-2919.2189282837553,214907.11108729424,,,,,,,,outcrop,56.577070218057884,74.58878391649459,95.57299942426182,vr,622250.0,180875.0,Subalpine Molasse,USM,363,800.0,0.0,0.5,0.04,50.0,1.0,,PhD thesis Roland Schegg (1993),56.577070218057884,74.58878391649459,95.57299942426182
RS,,,,,,,,,,,,,,,,,,,,,,,,,,,,,,,,,,8.876368,47.242097,,,5752.764523288041,5752.764523288041,327982.5312165968,,,,,,,,outcrop,48.58927715202983,63.08822421631586,80.77456313648327,vr,708850.0,233350.0,Plateau Molasse,OSM,213,470.0,0.0,0.44,0.02,50.0,0.0,,PhD thesis Roland Schegg (1993),48.58927715202983,63.08822421631586,80.77456313648327
RS,,,,,,,,,,,,,,,,,,,,,,,,,,,,,,,,,,8.973001,47.387037,,,15516.11484788179,15516.11484788179,341159.86774069007,,,,,,,,outcrop,24.712089195482378,42.50043767422948,63.14158309434372,vr,715850.0,249600.0,Plateau Molasse,OSM,214,710.0,0.0,0.35,0.03,50.0,0.0,,PhD thesis Roland Schegg (1993),24.712089195482378,42.50043767422948,63.14158309434372
RS,,,,,,,,,,,,,,,,,,,,,,,,,,,,,,,,,,8.924144,47.368785,,,15762.614688336862,15762.614688336862,333237.08489663585,,,,,,,,outcrop,27.414000124085142,49.89900775990016,74.55023357381899,vr,712200.0,247500.0,Plateau Molasse,OSM,215,740.0,0.0,0.38,0.05,50.0,1.0,,PhD thesis Roland Schegg (1993),27.414000124085142,49.89900775990016,74.55023357381899
RS,,,,,,,,,,,,,,,,,,,,,,,,,,,,,,,,,,8.933485,47.371363,,,15746.112156857795,15746.112156857795,333698.31743751466,,,,,,,,outcrop,-12.272633561562163,12.229632805285684,38.19579217730863,vr,712900.0,247800.0,Plateau Molasse,OSM,216,800.0,0.0,0.25,0.04,40.0,1.0,,PhD thesis Roland Schegg (1993),-12.272633561562163,12.229632805285684,38.19579217730863
RS,,,,,,,,,,,,,,,,,,,,,,,,,,,,,,,,,,8.949752,47.361256,,,14249.024254904229,14249.024254904229,333992.68133973144,,,,,,,,outcrop,3.036496416353244,19.153451192611207,38.19579217730865,vr,714150.0,246700.0,Plateau Molasse,OSM,217,810.0,0.0,0.27,0.02,50.0,0.0,,PhD thesis Roland Schegg (1993),3.036496416353244,19.153451192611207,38.19579217730865
RS,,,,,,,,,,,,,,,,,,,,,,,,,,,,,,,,,,8.94442,47.359976,,,14260.869416653553,14260.869416653553,333698.31743751466,,,,,,,,outcrop,24.712089195482392,45.03483732695887,67.87557338718557,vr,713750.0,246550.0,Plateau Molasse,OSM,218,845.0,0.0,0.36,0.04,50.0,1.0,,PhD thesis Roland Schegg (1993),24.712089195482392,45.03483732695887,67.87557338718557
RS,,,,,,,,,,,,,,,,,,,,,,,,,,,,,,,,,,8.940781,47.376486,,,16072.628010681536,16072.628010681536,333698.31743751466,,,,,,,,outcrop,-21.060479331463217,-3.456111176142835,16.802223994275636,vr,713440.0,248380.0,Plateau Molasse,OSM,219,930.0,0.0,0.21,0.02,50.0,0.0,,PhD thesis Roland Schegg (1993),-21.060479331463217,-3.456111176142835,16.802223994275636
RS,,,,,,,,,,,,,,,,,,,,,,,,,,,,,,,,,,8.941952,47.375751,,,15964.603886374663,15964.603886374663,333992.68133973144,,,,,,,,outcrop,9.794074237369912,31.582179282409566,55.5516171269776,vr,713530.0,248300.0,Plateau Molasse,OSM,220,1000.0,0.0,0.31,0.04,50.0,1.0,,PhD thesis Roland Schegg (1993),9.794074237369912,31.582179282409566,55.5516171269776
RS,,,,,,,,,,,,,,,,,,,,,,,,,,,,,,,,,,9.056812,47.638674,,,36516.565318688925,36516.565318688925,359087.86506186426,,,,,,,,outcrop,42.0822135573376,58.90303993506606,78.7460732081933,vr,721600.0,277700.0,Plateau Molasse,OSM,222,605.0,0.0,0.42,0.03,50.0,1.0,,PhD thesis Roland Schegg (1993),42.0822135573376,58.90303993506606,78.7460732081933
RS,,,,,,,,,,,,,,,,,,,,,,,,,,,,,,,,,,8.531534,47.271071,,,13110.172685638021,13110.172685638021,295021.18488360924,,,,,,,,outcrop,30.03524483041762,47.499792562452306,67.87557338718558,vr,682700.0,236150.0,Plateau Molasse,OSM,238,730.0,0.0,0.37,0.03,50.0,1.0,,PhD thesis Roland Schegg (1993),30.03524483041762,47.499792562452306,67.87557338718558
RS,,,,,,,,,,,,,,,,,,,,,,,,,,,,,,,,,,8.591699,47.211339,,,5647.942555752212,5647.942555752212,298228.193722934,,,,,,,,outcrop,30.03524483041762,45.03483732695887,63.14158309434372,vr,687350.0,229575.0,Plateau Molasse,OSM,241,555.0,0.0,0.36,0.02,50.0,1.0,,PhD thesis Roland Schegg (1993),30.03524483041762,45.03483732695887,63.14158309434372
RS,,,,,,,,,,,,,,,,,,,,,,,,,,,,,,,,,,8.480298,47.286838,,,15807.42638023666,15807.42638023666,292726.3399861298,,,,,,,,outcrop,42.0822135573376,61.01996673629585,82.75942622565572,vr,678800.0,237850.0,Plateau Molasse,OSM,242a,620.0,0.0,0.43,0.04,50.0,1.0,,PhD thesis Roland Schegg (1993),42.0822135573376,61.01996673629585,82.75942622565572
RS,,,,,,,,,,,,,,,,,,,,,,,,,,,,,,,,,,8.480298,47.286838,,,15807.42638023666,15807.42638023666,292726.3399861298,,,,,,,,outcrop,42.08221355733759,69.02214849080293,97.26648870730413,vr,678800.0,237850.0,Plateau Molasse,OSM,242b,62.0,0.0,0.47,0.08,50.0,0.0,,PhD thesis Roland Schegg (1993),42.08221355733759,69.02214849080293,97.26648870730413
RS,,,,,,,,,,,,,,,,,,,,,,,,,,,,,,,,,,8.518693,47.289633,,,15344.745269191568,15344.745269191568,294563.81701325666,,,,,,,,outcrop,70.65598495096188,89.4793297768586,111.25341926385407,vr,681700.0,238200.0,Plateau Molasse,OSM,243,635.0,0.0,0.59,0.05,50.0,0.0,,PhD thesis Roland Schegg (1993),70.65598495096188,89.4793297768586,111.25341926385407
RS,,,,,,,,,,,,,,,,,,,,,,,,,,,,,,,,,,8.611159,47.255896,,,10210.956873272065,10210.956873272065,299408.4233050269,,,,,,,,outcrop,56.57707021805788,70.91622346130654,88.47006665272471,vr,688750.0,234550.0,Plateau Molasse,OSM,244,420.0,0.0,0.48,0.02,50.0,0.0,,PhD thesis Roland Schegg (1993),56.57707021805788,70.91622346130654,88.47006665272471
RS,,,,,,,,,,,,,,,,,,,,,,,,,,,,,,,,,,8.611159,47.255896,,,10210.956873272065,10210.956873272065,299408.4233050269,,,,,,,,outcrop,62.12450484278827,81.5126023038201,103.74582061693448,vr,688750.0,234550.0,Plateau Molasse,OSM,245,420.0,0.0,0.54,0.05,50.0,1.0,,PhD thesis Roland Schegg (1993),62.12450484278827,81.5126023038201,103.74582061693448
RS,,,,,,,,,,,,,,,,,,,,,,,,,,,,,,,,,,8.677463,47.465695,,,32986.434299480505,32986.434299480505,304204.4006274156,,,,,,,,outcrop,52.67397534798663,70.91622346130654,92.0898473192407,vr,693400.0,257950.0,Plateau Molasse,OSM,246,432.0,0.0,0.48,0.04,50.0,0.0,,PhD thesis Roland Schegg (1993),52.67397534798663,70.91622346130654,92.0898473192407
RS,,,,,,,,,,,,,,,,,,,,,,,,,,,,,,,,,,8.542805,47.192973,,,4476.909161958549,4476.909161958549,293888.34001670446,,,,,,,,outcrop,30.03524483041762,47.499792562452306,67.87557338718558,vr,683675.0,227480.0,Plateau Molasse,OSM,247,475.0,0.0,0.37,0.03,50.0,0.0,,PhD thesis Roland Schegg (1993),30.03524483041762,47.499792562452306,67.87557338718558
RS,,,,,,,,,,,,,,,,,,,,,,,,,,,,,,,,,,8.582378,47.238419,,,8733.898416124614,8733.898416124614,298426.6286690328,,,,,,,,outcrop,35.054049461271404,56.73509797054007,80.77456313648327,vr,686600.0,232575.0,Plateau Molasse,OSM,248a,650.0,0.0,0.41,0.05,50.0,1.0,,PhD thesis Roland Schegg (1993),35.054049461271404,56.73509797054007,80.77456313648327
RS,,,,,,,,,,,,,,,,,,,,,,,,,,,,,,,,,,8.582378,47.238419,,,8733.898416124614,8733.898416124614,298426.6286690328,,,,,,,,outcrop,52.67397534798663,67.0873376182847,84.70249960325413,vr,686600.0,232575.0,Plateau Molasse,OSM,248b,650.0,0.0,0.46,0.02,50.0,0.0,,PhD thesis Roland Schegg (1993),52.67397534798663,67.0873376182847,84.70249960325413
RS,,,,,,,,,,,,,,,,,,,,,,,,,,,,,,,,,,8.96124,47.253601,,,2864.9627361706143,2864.9627361706143,330481.3453729704,,,,,,,,outcrop,44.30524816271383,63.08822421631586,84.7024996032541,vr,715250.0,234750.0,Plateau Molasse,OMM,211,630.0,0.0,0.44,0.04,50.0,0.0,,PhD thesis Roland Schegg (1993),44.30524816271383,63.08822421631586,84.7024996032541
RS,,,,,,,,,,,,,,,,,,,,,,,,,,,,,,,,,,8.240854,47.407708,,,36000.25806442677,36000.25806442677,289100.75734147185,,,,,,,,outcrop,44.30524816271383,63.08822421631586,84.7024996032541,vr,660550.0,251075.0,Plateau Molasse,OMM,226,500.0,0.0,0.44,0.04,50.0,1.0,,PhD thesis Roland Schegg (1993),44.30524816271383,63.08822421631586,84.7024996032541
RS,,,,,,,,,,,,,,,,,,,,,,,,,,,,,,,,,,8.239291,47.039145,,,1817.0576403227456,1817.0576403227456,265953.6426588737,,,,,,,,outcrop,58.46542636904027,74.58878391649459,93.84785430951337,vr,660850.0,210100.0,Plateau Molasse,OMM,237,520.0,0.0,0.5,0.03,50.0,0.0,,PhD thesis Roland Schegg (1993),58.46542636904027,74.58878391649459,93.84785430951337
RS,,,,,,,,,,,,,,,,,,,,,,,,,,,,,,,,,,8.232902,47.407538,,,36316.71733580935,36316.71733580935,289100.75734147185,,,,,,,,outcrop,60.3140246851729,78.11728471229827,98.92946300364609,vr,659950.0,251050.0,Plateau Molasse,OMM,300,520.0,0.0,0.52,0.04,50.0,0.0,,PhD thesis Roland Schegg (1993),60.3140246851729,78.11728471229827,98.92946300364609
RS,,,,,,,,,,,,,,,,,,,,,,,,,,,,,,,,,,8.362131,47.448403,,,35735.979758525704,35735.979758525704,292358.39942855795,,,,,,,,outcrop,46.473387376014045,63.08822421631586,82.75942622565572,vr,669650.0,255700.0,Plateau Molasse,OMM,311,420.0,0.0,0.44,0.03,50.0,0.0,,PhD thesis Roland Schegg (1993),46.473387376014045,63.08822421631586,82.75942622565572
RS,,,,,,,,,,,,,,,,,,,,,,,,,,,,,,,,,,8.959369,47.234284,,,1004.1400204416993,1004.1400204416993,329630.3013409411,,,,,,,,outcrop,65.63718032010813,81.5126023038201,100.56300257595142,vr,715150.0,232600.0,Plateau Molasse,USM,209,490.0,0.0,0.54,0.03,50.0,0.0,,PhD thesis Roland Schegg (1993),65.63718032010813,81.5126023038201,100.56300257595142
RS,,,,,,,,,,,,,,,,,,,,,,,,,,,,,,,,,,8.951645,47.241403,,,1975.9025305132252,1975.9025305132252,329475.13167889504,,,,,,,,outcrop,52.67397534798662,69.02214849080293,88.47006665272471,vr,714550.0,233380.0,Plateau Molasse,USM,210,490.0,0.0,0.47,0.03,50.0,1.0,,PhD thesis Roland Schegg (1993),52.67397534798662,69.02214849080293,88.47006665272471
RS,,,,,,,,,,,,,,,,,,,,,,,,,,,,,,,,,,8.521254,47.155144,,,1015.0168461536903,1015.0168461536903,291352.4960328573,,,,,,,,outcrop,46.473387376014045,65.11000004298351,86.60550674343811,vr,682100.0,223252.0,Plateau Molasse,USM,249,535.0,0.0,0.45,0.04,50.0,0.0,,PhD thesis Roland Schegg (1993),46.473387376014045,65.11000004298351,86.60550674343811
RS,,,,,,,,,,,,,,,,,,,,,,,,,,,,,,,,,,8.641995,47.158424,,,-788.9862055549988,-788.9862055549988,300369.17355106695,,,,,,,,outcrop,69.0147189077051,87.94142501015098,109.7999628246538,vr,691250.0,223750.0,Subalpine Molasse,USM,239,980.0,0.0,0.58,0.05,50.0,1.0,,PhD thesis Roland Schegg (1993),69.0147189077051,87.94142501015098,109.7999628246538
Weid,,,,,,,,,,,,,,,,,,,,,,,,,,,,,,,,,,9.385876,47.39341,,,1178.41054347617,1178.41054347617,366819.84942709166,,,,,,,,outcrop,63.898407129945234,79.83096010749175,98.92946300364609,vr,747000.0,251000.0,Subalpine Molasse,USM,52,,0.0,0.53,0.03,50.0,0.0,,PhD thesis Roland Schegg (1993),63.898407129945234,79.83096010749175,98.92946300364609
Weid,,,,,,,,,,,,,,,,,,,,,,,,,,,,,,,,,,2.255295,50.256208,,,528097.1865155877,528097.1865155877,120807.12353718819,,,,,,,,outcrop,-0.5478860284190835,22.425274958204863,47.28108012164643,vr,230000.0,580000.0,Unkown,Miocene Fm.,96,,0.0,0.28,0.04,50.0,0.0,,PhD thesis Roland Schegg (1993),-0.5478860284190835,22.425274958204863,47.28108012164643
RS,,,,,,,,,,,,,,,,,,,,,,,,,,,,,,,,,,7.728615,47.378421,,,53182.51275086899,53182.51275086899,257450.0258409649,,,,,,,,outcrop,12.987341662339324,28.63223506612228,47.28108012164643,vr,621900.0,247550.0,Unkown,Oligocene Fm.,223,880.0,0.0,0.3,0.02,50.0,0.0,,PhD thesis Roland Schegg (1993),12.987341662339324,28.63223506612228,47.28108012164643
Weid,,,,,,,,,,,,,,,,,,,,,,,,,,,,,,,,,,7.606611,47.4892,,,68558.51370131825,68558.51370131825,257450.0258409649,,,,,,,,outcrop,39.801431382128776,56.73509797054007,76.67199544176499,vr,612660.0,259840.0,Unkown,Oligocene Fm.,2,,0.0,0.41,0.03,97.0,0.0,,PhD thesis Roland Schegg (1993),39.801431382128776,56.73509797054007,76.67199544176499
Weid,,,,,,,,,,,,,,,,,,,,,,,,,,,,,,,,,,7.36317,47.271274,,,53868.14130285848,53868.14130285848,196635.46977654667,,,,,,,,outcrop,60.3140246851729,83.16338693234049,108.32325009795883,vr,594290.0,235600.0,Unkown,Oligocene Fm.,112,,0.0,0.55,0.07,50.0,1.0,,PhD thesis Roland Schegg (1993),60.3140246851729,83.16338693234049,108.32325009795883
Weid,,,,,,,,,,,,,,,,,,,,,,,,,,,,,,,,,,7.344394,47.351401,,,62887.281100253706,62887.281100253706,196635.46977654667,,,,,,,,outcrop,35.054049461271404,56.73509797054007,80.77456313648327,vr,592880.0,244510.0,Unkown,Oligocene Fm.,119,400.0,0.0,0.41,0.05,50.0,1.0,,PhD thesis Roland Schegg (1993),35.054049461271404,56.73509797054007,80.77456313648327
Weid,,,,,,,,,,,,,,,,,,,,,,,,,,,,,,,,,,7.344394,47.351401,,,62887.281100253706,62887.281100253706,196635.46977654667,,,,,,,,outcrop,54.64720842850283,72.77124254317327,93.84785430951337,vr,592880.0,244510.0,Unkown,Oligocene Fm.,120,370.0,0.0,0.49,0.04,68.0,1.0,,PhD thesis Roland Schegg (1993),54.64720842850283,72.77124254317327,93.84785430951337
